<?xml version="1.0" encoding="UTF-8"?><idempiere Name="2Pack_1.0.2" Version="1" idempiereVersion="" DataBaseVersion="" Description="" Author="" AuthorEmail="" CreatedDate="2017-04-22 09:56:38.942" UpdatedDate="2017-04-22 09:56:38.942" PackOutVersion="100" UpdateDictionary="false" Client="0-SYSTEM-System" AD_Client_UU="11237b53-9592-4af1-b3c5-afd216514b5d">
    <AD_InfoWindow type="table">
        <AD_Client_ID>0</AD_Client_ID>
        <AD_Org_ID>0</AD_Org_ID>
        <IsActive>Y</IsActive>
        <Name>C_OrderLine Info-Window</Name>
        <Description/>
        <Help/>
        <AD_Table_ID reference="id">260</AD_Table_ID>
        <EntityType>U</EntityType>
        <FromClause>C_OrderLine a
INNER JOIN C_Order b ON (b.C_Order_ID=a.C_Order_ID)
INNER JOIN C_BPartner c ON (c.C_BPartner_ID=a.C_BPartner_ID)
INNER JOIN M_Product d ON (d.M_Product_ID=a.M_Product_ID)
</FromClause>
        <OtherClause/>
        <Processing>N</Processing>
        <AD_InfoWindow_UU>4c977b6d-c42e-4668-944d-3dc48a6d412c</AD_InfoWindow_UU>
        <WhereClause/>
        <IsDefault>N</IsDefault>
        <IsDistinct>N</IsDistinct>
        <OrderByClause/>
        <IsValid>Y</IsValid>
        <AD_CtxHelp_ID reference="id"/>
        <ImageURL/>
        <SeqNo/>
        <IsShowInDashboard>Y</IsShowInDashboard>
        <MaxQueryRecords>0</MaxQueryRecords>
        <isLoadPageNum>Y</isLoadPageNum>
        <AD_InfoColumn type="table">
            <AD_Client_ID>0</AD_Client_ID>
            <AD_Org_ID>0</AD_Org_ID>
            <IsActive>Y</IsActive>
            <Name>Sales Order Line</Name>
            <Description>Sales Order Line</Description>
            <Help>The Sales Order Line is a unique identifier for a line in an order.</Help>
            <AD_InfoWindow_ID reference="uuid" reference-key="AD_InfoWindow">4c977b6d-c42e-4668-944d-3dc48a6d412c</AD_InfoWindow_ID>
            <EntityType>U</EntityType>
            <SelectClause>a.C_OrderLine_ID</SelectClause>
            <SeqNo>0</SeqNo>
            <IsDisplayed>N</IsDisplayed>
            <IsQueryCriteria>N</IsQueryCriteria>
            <AD_Element_ID reference="id">561</AD_Element_ID>
            <AD_Reference_ID reference="id">13</AD_Reference_ID>
            <AD_InfoColumn_UU>acfbee9b-0544-4b28-9298-7c629d86cf2e</AD_InfoColumn_UU>
            <AD_Reference_Value_ID reference="id"/>
            <AD_Val_Rule_ID reference="id"/>
            <IsCentrallyMaintained>Y</IsCentrallyMaintained>
            <DisplayLogic/>
            <ColumnName>C_OrderLine_ID</ColumnName>
            <QueryOperator>=</QueryOperator>
            <QueryFunction/>
            <IsIdentifier>N</IsIdentifier>
            <SeqNoSelection>0</SeqNoSelection>
            <DefaultValue/>
            <IsMandatory>N</IsMandatory>
            <IsKey>N</IsKey>
        </AD_InfoColumn>
        <AD_InfoColumn type="table">
            <AD_Client_ID>0</AD_Client_ID>
            <AD_Org_ID>0</AD_Org_ID>
            <IsActive>Y</IsActive>
            <Name>Order</Name>
            <Description>Order</Description>
            <Help>The Order is a control document.  The  Order is complete when the quantity ordered is the same as the quantity shipped and invoiced.  When you close an order, unshipped (backordered) quantities are cancelled.</Help>
            <AD_InfoWindow_ID reference="uuid" reference-key="AD_InfoWindow">4c977b6d-c42e-4668-944d-3dc48a6d412c</AD_InfoWindow_ID>
            <EntityType>U</EntityType>
            <SelectClause>a.C_Order_ID</SelectClause>
            <SeqNo>1</SeqNo>
            <IsDisplayed>Y</IsDisplayed>
            <IsQueryCriteria>Y</IsQueryCriteria>
            <AD_Element_ID reference="id">558</AD_Element_ID>
            <AD_Reference_ID reference="id">19</AD_Reference_ID>
            <AD_InfoColumn_UU>eaa66811-e83d-4bf1-8e1b-d7d221a70b40</AD_InfoColumn_UU>
            <AD_Reference_Value_ID reference="id"/>
            <AD_Val_Rule_ID reference="id"/>
            <IsCentrallyMaintained>Y</IsCentrallyMaintained>
            <DisplayLogic/>
            <ColumnName>C_Order_ID</ColumnName>
            <QueryOperator>=</QueryOperator>
            <QueryFunction/>
            <IsIdentifier>Y</IsIdentifier>
            <SeqNoSelection>0</SeqNoSelection>
            <DefaultValue/>
            <IsMandatory>N</IsMandatory>
            <IsKey>N</IsKey>
        </AD_InfoColumn>
        <AD_InfoColumn type="table">
            <AD_Client_ID>0</AD_Client_ID>
            <AD_Org_ID>0</AD_Org_ID>
            <IsActive>Y</IsActive>
            <Name>Business Partner </Name>
            <Description>Identifies a Business Partner</Description>
            <Help>A Business Partner is anyone with whom you transact.  This can include Vendor, Customer, Employee or Salesperson</Help>
            <AD_InfoWindow_ID reference="uuid" reference-key="AD_InfoWindow">4c977b6d-c42e-4668-944d-3dc48a6d412c</AD_InfoWindow_ID>
            <EntityType>U</EntityType>
            <SelectClause>a.C_BPartner_ID</SelectClause>
            <SeqNo>2</SeqNo>
            <IsDisplayed>Y</IsDisplayed>
            <IsQueryCriteria>Y</IsQueryCriteria>
            <AD_Element_ID reference="id">187</AD_Element_ID>
            <AD_Reference_ID reference="id">19</AD_Reference_ID>
            <AD_InfoColumn_UU>0696ac70-1fa4-448d-8d69-7fd26f05e33d</AD_InfoColumn_UU>
            <AD_Reference_Value_ID reference="id"/>
            <AD_Val_Rule_ID reference="id">230</AD_Val_Rule_ID>
            <IsCentrallyMaintained>Y</IsCentrallyMaintained>
            <DisplayLogic/>
            <ColumnName>C_BPartner_ID</ColumnName>
            <QueryOperator>=</QueryOperator>
            <QueryFunction/>
            <IsIdentifier>N</IsIdentifier>
            <SeqNoSelection>0</SeqNoSelection>
            <DefaultValue/>
            <IsMandatory>N</IsMandatory>
            <IsKey>N</IsKey>
        </AD_InfoColumn>
        <AD_InfoColumn type="table">
            <AD_Client_ID>0</AD_Client_ID>
            <AD_Org_ID>0</AD_Org_ID>
            <IsActive>Y</IsActive>
            <Name>Product</Name>
            <Description>Product, Service, Item</Description>
            <Help>Identifies an item which is either purchased or sold in this organization.</Help>
            <AD_InfoWindow_ID reference="uuid" reference-key="AD_InfoWindow">4c977b6d-c42e-4668-944d-3dc48a6d412c</AD_InfoWindow_ID>
            <EntityType>U</EntityType>
            <SelectClause>a.M_Product_ID</SelectClause>
            <SeqNo>3</SeqNo>
            <IsDisplayed>Y</IsDisplayed>
            <IsQueryCriteria>Y</IsQueryCriteria>
            <AD_Element_ID reference="id">454</AD_Element_ID>
            <AD_Reference_ID reference="id">19</AD_Reference_ID>
            <AD_InfoColumn_UU>0a029a9b-2cd5-4b01-8a2f-3f11eddfd700</AD_InfoColumn_UU>
            <AD_Reference_Value_ID reference="id"/>
            <AD_Val_Rule_ID reference="id">231</AD_Val_Rule_ID>
            <IsCentrallyMaintained>Y</IsCentrallyMaintained>
            <DisplayLogic/>
            <ColumnName>M_Product_ID</ColumnName>
            <QueryOperator>=</QueryOperator>
            <QueryFunction/>
            <IsIdentifier>N</IsIdentifier>
            <SeqNoSelection>0</SeqNoSelection>
            <DefaultValue/>
            <IsMandatory>N</IsMandatory>
            <IsKey>N</IsKey>
        </AD_InfoColumn>
        <AD_InfoColumn type="table">
            <AD_Client_ID>0</AD_Client_ID>
            <AD_Org_ID>0</AD_Org_ID>
            <IsActive>Y</IsActive>
            <Name>Date Promised</Name>
            <Description>Date Order was promised</Description>
            <Help>The Date Promised indicates the date, if any, that an Order was promised for.</Help>
            <AD_InfoWindow_ID reference="uuid" reference-key="AD_InfoWindow">4c977b6d-c42e-4668-944d-3dc48a6d412c</AD_InfoWindow_ID>
            <EntityType>U</EntityType>
            <SelectClause>a.DatePromised</SelectClause>
            <SeqNo>4</SeqNo>
            <IsDisplayed>Y</IsDisplayed>
            <IsQueryCriteria>N</IsQueryCriteria>
            <AD_Element_ID reference="id">269</AD_Element_ID>
            <AD_Reference_ID reference="id">15</AD_Reference_ID>
            <AD_InfoColumn_UU>48ab74dd-75ca-4099-bb73-5dfb59c66782</AD_InfoColumn_UU>
            <AD_Reference_Value_ID reference="id"/>
            <AD_Val_Rule_ID reference="id"/>
            <IsCentrallyMaintained>Y</IsCentrallyMaintained>
            <DisplayLogic/>
            <ColumnName>DatePromised</ColumnName>
            <QueryOperator>=</QueryOperator>
            <QueryFunction>Trunc</QueryFunction>
            <IsIdentifier>N</IsIdentifier>
            <SeqNoSelection>0</SeqNoSelection>
            <DefaultValue/>
            <IsMandatory>N</IsMandatory>
            <IsKey>N</IsKey>
        </AD_InfoColumn>
        <AD_InfoProcess type="table">
            <AD_Client_ID>0</AD_Client_ID>
            <AD_Org_ID>0</AD_Org_ID>
            <AD_InfoProcess_UU>45ba3136-d447-4ee4-86f2-02ac9a5ccbf7</AD_InfoProcess_UU>
            <IsActive>Y</IsActive>
            <ImageURL/>
            <SeqNo>21</SeqNo>
            <AD_Process_ID reference="uuid" reference-key="AD_Process">6cb8d280-706a-4585-b99a-9090470c920b</AD_Process_ID>
            <AD_InfoWindow_ID reference="uuid" reference-key="AD_InfoWindow">4c977b6d-c42e-4668-944d-3dc48a6d412c</AD_InfoWindow_ID>
            <LayoutType>B</LayoutType>
            <DisplayLogic/>
            <AD_InfoColumn_ID reference="id"/>
        </AD_InfoProcess>
    </AD_InfoWindow>
    <AD_InfoWindow type="table">
        <AD_Client_ID>0</AD_Client_ID>
        <AD_Org_ID>0</AD_Org_ID>
        <IsActive>Y</IsActive>
        <Name>WM_DeliveryScheduleLine Info-Window</Name>
        <Description/>
        <Help/>
        <AD_Table_ID reference="uuid" reference-key="AD_Table">f9a72dcd-ef5e-447a-a0dc-7d74aaadd2ce</AD_Table_ID>
        <EntityType>U</EntityType>
        <FromClause>WM_DeliveryScheduleLine a
INNER JOIN WM_DeliverySchedule b ON (b.WM_DeliverySchedule_ID=a.WM_DeliverySchedule_ID)
INNER JOIN C_Order c ON (c.C_Order_ID=b.C_Order_ID)
INNER JOIN C_OrderLine d ON (d.C_OrderLine_ID=a.C_OrderLine_ID)
INNER JOIN M_Product e ON (e.M_Product_ID=a.M_Product_ID)
</FromClause>
        <OtherClause/>
        <Processing>N</Processing>
        <AD_InfoWindow_UU>3fd517c6-6ff9-4a4c-baed-17cc3a1f5c04</AD_InfoWindow_UU>
        <WhereClause/>
        <IsDefault>N</IsDefault>
        <IsDistinct>N</IsDistinct>
        <OrderByClause/>
        <IsValid>Y</IsValid>
        <AD_CtxHelp_ID reference="id"/>
        <ImageURL/>
        <SeqNo/>
        <IsShowInDashboard>Y</IsShowInDashboard>
        <MaxQueryRecords>0</MaxQueryRecords>
        <isLoadPageNum>Y</isLoadPageNum>
        <AD_InfoColumn type="table">
            <AD_Client_ID>0</AD_Client_ID>
            <AD_Org_ID>0</AD_Org_ID>
            <IsActive>Y</IsActive>
            <Name>DeliveryScheduleLine</Name>
            <Description/>
            <Help/>
            <AD_InfoWindow_ID reference="uuid" reference-key="AD_InfoWindow">3fd517c6-6ff9-4a4c-baed-17cc3a1f5c04</AD_InfoWindow_ID>
            <EntityType>U</EntityType>
            <SelectClause>a.WM_DeliveryScheduleLine_ID</SelectClause>
            <SeqNo>0</SeqNo>
            <IsDisplayed>N</IsDisplayed>
            <IsQueryCriteria>N</IsQueryCriteria>
            <AD_Element_ID reference="uuid" reference-key="AD_Element">ad8bcb53-2c5a-4c0b-86f8-6b42cfb98d9a</AD_Element_ID>
            <AD_Reference_ID reference="id">13</AD_Reference_ID>
            <AD_InfoColumn_UU>592d625d-c25e-45d9-9985-f4da118360ef</AD_InfoColumn_UU>
            <AD_Reference_Value_ID reference="id"/>
            <AD_Val_Rule_ID reference="id"/>
            <IsCentrallyMaintained>Y</IsCentrallyMaintained>
            <DisplayLogic/>
            <ColumnName>WM_DeliveryScheduleLine_ID</ColumnName>
            <QueryOperator>=</QueryOperator>
            <QueryFunction/>
            <IsIdentifier>N</IsIdentifier>
            <SeqNoSelection>0</SeqNoSelection>
            <DefaultValue/>
            <IsMandatory>N</IsMandatory>
            <IsKey>N</IsKey>
        </AD_InfoColumn>
        <AD_InfoColumn type="table">
            <AD_Client_ID>0</AD_Client_ID>
            <AD_Org_ID>0</AD_Org_ID>
            <IsActive>Y</IsActive>
            <Name>DeliverySchedule</Name>
            <Description/>
            <Help/>
            <AD_InfoWindow_ID reference="uuid" reference-key="AD_InfoWindow">3fd517c6-6ff9-4a4c-baed-17cc3a1f5c04</AD_InfoWindow_ID>
            <EntityType>U</EntityType>
            <SelectClause>a.WM_DeliverySchedule_ID</SelectClause>
            <SeqNo>1</SeqNo>
            <IsDisplayed>Y</IsDisplayed>
            <IsQueryCriteria>Y</IsQueryCriteria>
            <AD_Element_ID reference="uuid" reference-key="AD_Element">a8de5e41-b43c-4cc7-a1ba-acc19178f03b</AD_Element_ID>
            <AD_Reference_ID reference="id">19</AD_Reference_ID>
            <AD_InfoColumn_UU>29c1485d-1587-492c-ad03-6fa66534c2dc</AD_InfoColumn_UU>
            <AD_Reference_Value_ID reference="id"/>
            <AD_Val_Rule_ID reference="id"/>
            <IsCentrallyMaintained>Y</IsCentrallyMaintained>
            <DisplayLogic/>
            <ColumnName>WM_DeliverySchedule_ID</ColumnName>
            <QueryOperator>=</QueryOperator>
            <QueryFunction/>
            <IsIdentifier>N</IsIdentifier>
            <SeqNoSelection>0</SeqNoSelection>
            <DefaultValue/>
            <IsMandatory>N</IsMandatory>
            <IsKey>N</IsKey>
        </AD_InfoColumn>
        <AD_InfoColumn type="table">
            <AD_Client_ID>0</AD_Client_ID>
            <AD_Org_ID>0</AD_Org_ID>
            <IsActive>Y</IsActive>
            <Name>Order</Name>
            <Description>Order</Description>
            <Help>The Order is a control document.  The  Order is complete when the quantity ordered is the same as the quantity shipped and invoiced.  When you close an order, unshipped (backordered) quantities are cancelled.</Help>
            <AD_InfoWindow_ID reference="uuid" reference-key="AD_InfoWindow">3fd517c6-6ff9-4a4c-baed-17cc3a1f5c04</AD_InfoWindow_ID>
            <EntityType>U</EntityType>
            <SelectClause>b.C_Order_ID</SelectClause>
            <SeqNo>2</SeqNo>
            <IsDisplayed>Y</IsDisplayed>
            <IsQueryCriteria>Y</IsQueryCriteria>
            <AD_Element_ID reference="id">558</AD_Element_ID>
            <AD_Reference_ID reference="id">19</AD_Reference_ID>
            <AD_InfoColumn_UU>0a423519-6673-4e65-a8e4-b7934a5417cb</AD_InfoColumn_UU>
            <AD_Reference_Value_ID reference="id"/>
            <AD_Val_Rule_ID reference="id"/>
            <IsCentrallyMaintained>Y</IsCentrallyMaintained>
            <DisplayLogic/>
            <ColumnName>C_Order_ID</ColumnName>
            <QueryOperator>=</QueryOperator>
            <QueryFunction/>
            <IsIdentifier>N</IsIdentifier>
            <SeqNoSelection>0</SeqNoSelection>
            <DefaultValue/>
            <IsMandatory>N</IsMandatory>
            <IsKey>N</IsKey>
        </AD_InfoColumn>
        <AD_InfoColumn type="table">
            <AD_Client_ID>0</AD_Client_ID>
            <AD_Org_ID>0</AD_Org_ID>
            <IsActive>Y</IsActive>
            <Name>Sales Order Line</Name>
            <Description>Sales Order Line</Description>
            <Help>The Sales Order Line is a unique identifier for a line in an order.</Help>
            <AD_InfoWindow_ID reference="uuid" reference-key="AD_InfoWindow">3fd517c6-6ff9-4a4c-baed-17cc3a1f5c04</AD_InfoWindow_ID>
            <EntityType>U</EntityType>
            <SelectClause>a.C_OrderLine_ID</SelectClause>
            <SeqNo>3</SeqNo>
            <IsDisplayed>Y</IsDisplayed>
            <IsQueryCriteria>Y</IsQueryCriteria>
            <AD_Element_ID reference="id">561</AD_Element_ID>
            <AD_Reference_ID reference="id">19</AD_Reference_ID>
            <AD_InfoColumn_UU>7c6ae0f8-6258-451f-bd5a-7db0a9fc69d8</AD_InfoColumn_UU>
            <AD_Reference_Value_ID reference="id"/>
            <AD_Val_Rule_ID reference="id"/>
            <IsCentrallyMaintained>Y</IsCentrallyMaintained>
            <DisplayLogic/>
            <ColumnName>C_OrderLine_ID</ColumnName>
            <QueryOperator>=</QueryOperator>
            <QueryFunction/>
            <IsIdentifier>N</IsIdentifier>
            <SeqNoSelection>0</SeqNoSelection>
            <DefaultValue/>
            <IsMandatory>N</IsMandatory>
            <IsKey>N</IsKey>
        </AD_InfoColumn>
        <AD_InfoColumn type="table">
            <AD_Client_ID>0</AD_Client_ID>
            <AD_Org_ID>0</AD_Org_ID>
            <IsActive>Y</IsActive>
            <Name>Product</Name>
            <Description>Product, Service, Item</Description>
            <Help>Identifies an item which is either purchased or sold in this organization.</Help>
            <AD_InfoWindow_ID reference="uuid" reference-key="AD_InfoWindow">3fd517c6-6ff9-4a4c-baed-17cc3a1f5c04</AD_InfoWindow_ID>
            <EntityType>U</EntityType>
            <SelectClause>a.M_Product_ID</SelectClause>
            <SeqNo>4</SeqNo>
            <IsDisplayed>Y</IsDisplayed>
            <IsQueryCriteria>Y</IsQueryCriteria>
            <AD_Element_ID reference="id">454</AD_Element_ID>
            <AD_Reference_ID reference="id">19</AD_Reference_ID>
            <AD_InfoColumn_UU>1ddf5917-6df0-480f-bff2-b3a224b14a30</AD_InfoColumn_UU>
            <AD_Reference_Value_ID reference="id"/>
            <AD_Val_Rule_ID reference="id">231</AD_Val_Rule_ID>
            <IsCentrallyMaintained>Y</IsCentrallyMaintained>
            <DisplayLogic/>
            <ColumnName>M_Product_ID</ColumnName>
            <QueryOperator>=</QueryOperator>
            <QueryFunction/>
            <IsIdentifier>N</IsIdentifier>
            <SeqNoSelection>0</SeqNoSelection>
            <DefaultValue/>
            <IsMandatory>N</IsMandatory>
            <IsKey>N</IsKey>
        </AD_InfoColumn>
        <AD_InfoColumn type="table">
            <AD_Client_ID>0</AD_Client_ID>
            <AD_Org_ID>0</AD_Org_ID>
            <IsActive>Y</IsActive>
            <Name>Gate</Name>
            <Description/>
            <Help/>
            <AD_InfoWindow_ID reference="uuid" reference-key="AD_InfoWindow">3fd517c6-6ff9-4a4c-baed-17cc3a1f5c04</AD_InfoWindow_ID>
            <EntityType>U</EntityType>
            <SelectClause>b.WM_Gate_ID</SelectClause>
            <SeqNo>5</SeqNo>
            <IsDisplayed>Y</IsDisplayed>
            <IsQueryCriteria>Y</IsQueryCriteria>
            <AD_Element_ID reference="uuid" reference-key="AD_Element">9f6f8775-de33-4434-9ba3-6c1f4ae98436</AD_Element_ID>
            <AD_Reference_ID reference="id">19</AD_Reference_ID>
            <AD_InfoColumn_UU>f1977398-913c-49a1-9c87-f78a6b94d805</AD_InfoColumn_UU>
            <AD_Reference_Value_ID reference="id"/>
            <AD_Val_Rule_ID reference="id"/>
            <IsCentrallyMaintained>Y</IsCentrallyMaintained>
            <DisplayLogic/>
            <ColumnName>WM_Gate_ID</ColumnName>
            <QueryOperator>=</QueryOperator>
            <QueryFunction/>
            <IsIdentifier>N</IsIdentifier>
            <SeqNoSelection>0</SeqNoSelection>
            <DefaultValue/>
            <IsMandatory>N</IsMandatory>
            <IsKey>N</IsKey>
        </AD_InfoColumn>
        <AD_InfoColumn type="table">
            <AD_Client_ID>0</AD_Client_ID>
            <AD_Org_ID>0</AD_Org_ID>
            <IsActive>Y</IsActive>
            <Name>Ordered Quantity</Name>
            <Description>Ordered Quantity</Description>
            <Help>The Ordered Quantity indicates the quantity of a product that was ordered.</Help>
            <AD_InfoWindow_ID reference="uuid" reference-key="AD_InfoWindow">3fd517c6-6ff9-4a4c-baed-17cc3a1f5c04</AD_InfoWindow_ID>
            <EntityType>U</EntityType>
            <SelectClause>a.QtyOrdered</SelectClause>
            <SeqNo>6</SeqNo>
            <IsDisplayed>Y</IsDisplayed>
            <IsQueryCriteria>N</IsQueryCriteria>
            <AD_Element_ID reference="id">531</AD_Element_ID>
            <AD_Reference_ID reference="id">29</AD_Reference_ID>
            <AD_InfoColumn_UU>e50fbeba-3fb4-4cc3-9060-179fec286475</AD_InfoColumn_UU>
            <AD_Reference_Value_ID reference="id"/>
            <AD_Val_Rule_ID reference="id"/>
            <IsCentrallyMaintained>Y</IsCentrallyMaintained>
            <DisplayLogic/>
            <ColumnName>QtyOrdered</ColumnName>
            <QueryOperator>=</QueryOperator>
            <QueryFunction/>
            <IsIdentifier>N</IsIdentifier>
            <SeqNoSelection>0</SeqNoSelection>
            <DefaultValue/>
            <IsMandatory>N</IsMandatory>
            <IsKey>N</IsKey>
        </AD_InfoColumn>
        <AD_InfoColumn type="table">
            <AD_Client_ID>0</AD_Client_ID>
            <AD_Org_ID>0</AD_Org_ID>
            <IsActive>Y</IsActive>
            <Name>Locator</Name>
            <Description>Warehouse Locator</Description>
            <Help>The Locator indicates where in a Warehouse a product is located.</Help>
            <AD_InfoWindow_ID reference="uuid" reference-key="AD_InfoWindow">3fd517c6-6ff9-4a4c-baed-17cc3a1f5c04</AD_InfoWindow_ID>
            <EntityType>U</EntityType>
            <SelectClause>e.M_Locator_ID</SelectClause>
            <SeqNo>7</SeqNo>
            <IsDisplayed>Y</IsDisplayed>
            <IsQueryCriteria>Y</IsQueryCriteria>
            <AD_Element_ID reference="id">448</AD_Element_ID>
            <AD_Reference_ID reference="id">31</AD_Reference_ID>
            <AD_InfoColumn_UU>5643956f-e732-4762-9571-1ced21610f1a</AD_InfoColumn_UU>
            <AD_Reference_Value_ID reference="id"/>
            <AD_Val_Rule_ID reference="id"/>
            <IsCentrallyMaintained>Y</IsCentrallyMaintained>
            <DisplayLogic/>
            <ColumnName>M_Locator_ID</ColumnName>
            <QueryOperator>=</QueryOperator>
            <QueryFunction/>
            <IsIdentifier>N</IsIdentifier>
            <SeqNoSelection>0</SeqNoSelection>
            <DefaultValue/>
            <IsMandatory>N</IsMandatory>
            <IsKey>N</IsKey>
        </AD_InfoColumn>
        <AD_InfoProcess type="table">
            <AD_Client_ID>0</AD_Client_ID>
            <AD_Org_ID>0</AD_Org_ID>
            <AD_InfoProcess_UU>db65ebe1-c736-4b03-a6cd-9ab1705ecb58</AD_InfoProcess_UU>
            <IsActive>Y</IsActive>
            <ImageURL/>
            <SeqNo>22</SeqNo>
            <AD_Process_ID reference="uuid" reference-key="AD_Process">97804e52-e736-4c70-ae0d-98db1df7e228</AD_Process_ID>
            <AD_InfoWindow_ID reference="uuid" reference-key="AD_InfoWindow">3fd517c6-6ff9-4a4c-baed-17cc3a1f5c04</AD_InfoWindow_ID>
            <LayoutType>B</LayoutType>
            <DisplayLogic/>
            <AD_InfoColumn_ID reference="id"/>
        </AD_InfoProcess>
    </AD_InfoWindow>
    <AD_InfoWindow type="table">
        <AD_Client_ID>0</AD_Client_ID>
        <AD_Org_ID>0</AD_Org_ID>
        <IsActive>Y</IsActive>
        <Name>WM_InOutLine Info-Window</Name>
        <Description/>
        <Help/>
        <AD_Table_ID reference="uuid" reference-key="AD_Table">b70787f9-88a7-483e-8691-1cadc64d47e5</AD_Table_ID>
        <EntityType>U</EntityType>
        <FromClause>WM_InOutLine a
INNER JOIN WM_InOut b ON (b.WM_InOut_ID=a.WM_InOut_ID)
</FromClause>
        <OtherClause/>
        <Processing>N</Processing>
        <AD_InfoWindow_UU>bfb04ef5-2822-42df-b342-daad95dd271a</AD_InfoWindow_UU>
        <WhereClause/>
        <IsDefault>N</IsDefault>
        <IsDistinct>N</IsDistinct>
        <OrderByClause/>
        <IsValid>Y</IsValid>
        <AD_CtxHelp_ID reference="id"/>
        <ImageURL/>
        <SeqNo/>
        <IsShowInDashboard>Y</IsShowInDashboard>
        <MaxQueryRecords>0</MaxQueryRecords>
        <isLoadPageNum>Y</isLoadPageNum>
        <AD_InfoColumn type="table">
            <AD_Client_ID>0</AD_Client_ID>
            <AD_Org_ID>0</AD_Org_ID>
            <IsActive>Y</IsActive>
            <Name>WM_InOutLine_ID</Name>
            <Description/>
            <Help/>
            <AD_InfoWindow_ID reference="uuid" reference-key="AD_InfoWindow">bfb04ef5-2822-42df-b342-daad95dd271a</AD_InfoWindow_ID>
            <EntityType>U</EntityType>
            <SelectClause>a.WM_InOutLine_ID</SelectClause>
            <SeqNo>0</SeqNo>
            <IsDisplayed>N</IsDisplayed>
            <IsQueryCriteria>N</IsQueryCriteria>
            <AD_Element_ID reference="uuid" reference-key="AD_Element">ea436d8d-c9d3-4bd2-9b17-93efddab63e8</AD_Element_ID>
            <AD_Reference_ID reference="id">13</AD_Reference_ID>
            <AD_InfoColumn_UU>3b39df44-5afb-4db5-9718-831499cbaee2</AD_InfoColumn_UU>
            <AD_Reference_Value_ID reference="id"/>
            <AD_Val_Rule_ID reference="id"/>
            <IsCentrallyMaintained>Y</IsCentrallyMaintained>
            <DisplayLogic/>
            <ColumnName>WM_InOutLine_ID</ColumnName>
            <QueryOperator>=</QueryOperator>
            <QueryFunction/>
            <IsIdentifier>N</IsIdentifier>
            <SeqNoSelection>0</SeqNoSelection>
            <DefaultValue/>
            <IsMandatory>N</IsMandatory>
            <IsKey>N</IsKey>
        </AD_InfoColumn>
        <AD_InfoColumn type="table">
            <AD_Client_ID>0</AD_Client_ID>
            <AD_Org_ID>0</AD_Org_ID>
            <IsActive>Y</IsActive>
            <Name>InOut</Name>
            <Description/>
            <Help/>
            <AD_InfoWindow_ID reference="uuid" reference-key="AD_InfoWindow">bfb04ef5-2822-42df-b342-daad95dd271a</AD_InfoWindow_ID>
            <EntityType>U</EntityType>
            <SelectClause>a.WM_InOut_ID</SelectClause>
            <SeqNo>1</SeqNo>
            <IsDisplayed>Y</IsDisplayed>
            <IsQueryCriteria>Y</IsQueryCriteria>
            <AD_Element_ID reference="uuid" reference-key="AD_Element">8b266164-ce18-4825-9bfb-f4fa6eb9cb93</AD_Element_ID>
            <AD_Reference_ID reference="id">19</AD_Reference_ID>
            <AD_InfoColumn_UU>c27e689b-1b4d-4611-8144-ba36cf18c09d</AD_InfoColumn_UU>
            <AD_Reference_Value_ID reference="id"/>
            <AD_Val_Rule_ID reference="id"/>
            <IsCentrallyMaintained>Y</IsCentrallyMaintained>
            <DisplayLogic/>
            <ColumnName>WM_InOut_ID</ColumnName>
            <QueryOperator>=</QueryOperator>
            <QueryFunction/>
            <IsIdentifier>N</IsIdentifier>
            <SeqNoSelection>0</SeqNoSelection>
            <DefaultValue/>
            <IsMandatory>N</IsMandatory>
            <IsKey>N</IsKey>
        </AD_InfoColumn>
        <AD_InfoColumn type="table">
            <AD_Client_ID>0</AD_Client_ID>
            <AD_Org_ID>0</AD_Org_ID>
            <IsActive>Y</IsActive>
            <Name>Gate</Name>
            <Description/>
            <Help/>
            <AD_InfoWindow_ID reference="uuid" reference-key="AD_InfoWindow">bfb04ef5-2822-42df-b342-daad95dd271a</AD_InfoWindow_ID>
            <EntityType>U</EntityType>
            <SelectClause>b.WM_Gate_ID</SelectClause>
            <SeqNo>2</SeqNo>
            <IsDisplayed>Y</IsDisplayed>
            <IsQueryCriteria>Y</IsQueryCriteria>
            <AD_Element_ID reference="uuid" reference-key="AD_Element">9f6f8775-de33-4434-9ba3-6c1f4ae98436</AD_Element_ID>
            <AD_Reference_ID reference="id">19</AD_Reference_ID>
            <AD_InfoColumn_UU>cd722c14-ad42-42c2-b29a-89771080961c</AD_InfoColumn_UU>
            <AD_Reference_Value_ID reference="id"/>
            <AD_Val_Rule_ID reference="id"/>
            <IsCentrallyMaintained>Y</IsCentrallyMaintained>
            <DisplayLogic/>
            <ColumnName>WM_Gate_ID</ColumnName>
            <QueryOperator>=</QueryOperator>
            <QueryFunction/>
            <IsIdentifier>N</IsIdentifier>
            <SeqNoSelection>0</SeqNoSelection>
            <DefaultValue/>
            <IsMandatory>N</IsMandatory>
            <IsKey>N</IsKey>
        </AD_InfoColumn>
        <AD_InfoColumn type="table">
            <AD_Client_ID>0</AD_Client_ID>
            <AD_Org_ID>0</AD_Org_ID>
            <IsActive>Y</IsActive>
            <Name>QtyPicked</Name>
            <Description/>
            <Help/>
            <AD_InfoWindow_ID reference="uuid" reference-key="AD_InfoWindow">bfb04ef5-2822-42df-b342-daad95dd271a</AD_InfoWindow_ID>
            <EntityType>U</EntityType>
            <SelectClause>a.QtyPicked</SelectClause>
            <SeqNo>3</SeqNo>
            <IsDisplayed>Y</IsDisplayed>
            <IsQueryCriteria>N</IsQueryCriteria>
            <AD_Element_ID reference="uuid" reference-key="AD_Element">f62224a5-9aba-400f-80f9-76c34bd0e4c6</AD_Element_ID>
            <AD_Reference_ID reference="id">10</AD_Reference_ID>
            <AD_InfoColumn_UU>859c1a50-68aa-463f-adf9-1f1cd907d22b</AD_InfoColumn_UU>
            <AD_Reference_Value_ID reference="id"/>
            <AD_Val_Rule_ID reference="id"/>
            <IsCentrallyMaintained>Y</IsCentrallyMaintained>
            <DisplayLogic/>
            <ColumnName>QtyPicked</ColumnName>
            <QueryOperator>Like</QueryOperator>
            <QueryFunction>Upper</QueryFunction>
            <IsIdentifier>N</IsIdentifier>
            <SeqNoSelection>0</SeqNoSelection>
            <DefaultValue/>
            <IsMandatory>N</IsMandatory>
            <IsKey>N</IsKey>
        </AD_InfoColumn>
        <AD_InfoColumn type="table">
            <AD_Client_ID>0</AD_Client_ID>
            <AD_Org_ID>0</AD_Org_ID>
            <IsActive>Y</IsActive>
            <Name>Locator</Name>
            <Description>Warehouse Locator</Description>
            <Help>The Locator indicates where in a Warehouse a product is located.</Help>
            <AD_InfoWindow_ID reference="uuid" reference-key="AD_InfoWindow">bfb04ef5-2822-42df-b342-daad95dd271a</AD_InfoWindow_ID>
            <EntityType>U</EntityType>
            <SelectClause>a.M_Locator_ID</SelectClause>
            <SeqNo>4</SeqNo>
            <IsDisplayed>Y</IsDisplayed>
            <IsQueryCriteria>Y</IsQueryCriteria>
            <AD_Element_ID reference="id">448</AD_Element_ID>
            <AD_Reference_ID reference="id">31</AD_Reference_ID>
            <AD_InfoColumn_UU>862fcc1f-4ce1-414a-8283-fb6e9cac8998</AD_InfoColumn_UU>
            <AD_Reference_Value_ID reference="id"/>
            <AD_Val_Rule_ID reference="id"/>
            <IsCentrallyMaintained>Y</IsCentrallyMaintained>
            <DisplayLogic/>
            <ColumnName>M_Locator_ID</ColumnName>
            <QueryOperator>=</QueryOperator>
            <QueryFunction/>
            <IsIdentifier>N</IsIdentifier>
            <SeqNoSelection>0</SeqNoSelection>
            <DefaultValue/>
            <IsMandatory>N</IsMandatory>
            <IsKey>N</IsKey>
        </AD_InfoColumn>
        <AD_InfoColumn type="table">
            <AD_Client_ID>0</AD_Client_ID>
            <AD_Org_ID>0</AD_Org_ID>
            <IsActive>Y</IsActive>
            <Name>WM_HandlingUnit_ID</Name>
            <Description/>
            <Help/>
            <AD_InfoWindow_ID reference="uuid" reference-key="AD_InfoWindow">bfb04ef5-2822-42df-b342-daad95dd271a</AD_InfoWindow_ID>
            <EntityType>U</EntityType>
            <SelectClause>a.WM_HandlingUnit_ID</SelectClause>
            <SeqNo>5</SeqNo>
            <IsDisplayed>Y</IsDisplayed>
            <IsQueryCriteria>Y</IsQueryCriteria>
            <AD_Element_ID reference="uuid" reference-key="AD_Element">c380aedf-5401-4fcb-a209-33ededc50d23</AD_Element_ID>
            <AD_Reference_ID reference="id">19</AD_Reference_ID>
            <AD_InfoColumn_UU>ef346add-0120-452c-87bb-0fe88545cd65</AD_InfoColumn_UU>
            <AD_Reference_Value_ID reference="id"/>
            <AD_Val_Rule_ID reference="id"/>
            <IsCentrallyMaintained>Y</IsCentrallyMaintained>
            <DisplayLogic/>
            <ColumnName>WM_HandlingUnit_ID</ColumnName>
            <QueryOperator>=</QueryOperator>
            <QueryFunction/>
            <IsIdentifier>N</IsIdentifier>
            <SeqNoSelection>0</SeqNoSelection>
            <DefaultValue/>
            <IsMandatory>N</IsMandatory>
            <IsKey>N</IsKey>
        </AD_InfoColumn>
        <AD_InfoProcess type="table">
            <AD_Client_ID>0</AD_Client_ID>
            <AD_Org_ID>0</AD_Org_ID>
            <AD_InfoProcess_UU>42060fed-53f2-4d7f-81b9-4bf3568eb5b9</AD_InfoProcess_UU>
            <IsActive>Y</IsActive>
            <ImageURL/>
            <SeqNo>23</SeqNo>
            <AD_Process_ID reference="uuid" reference-key="AD_Process">99b84370-bf27-4922-8c4c-728dc58fdf7e</AD_Process_ID>
            <AD_InfoWindow_ID reference="uuid" reference-key="AD_InfoWindow">bfb04ef5-2822-42df-b342-daad95dd271a</AD_InfoWindow_ID>
            <LayoutType>B</LayoutType>
            <DisplayLogic/>
            <AD_InfoColumn_ID reference="id"/>
        </AD_InfoProcess>
        <AD_InfoProcess type="table">
            <AD_Client_ID>0</AD_Client_ID>
            <AD_Org_ID>0</AD_Org_ID>
            <AD_InfoProcess_UU>90cc3fd7-df40-4d86-8c5f-9c1102dc7f03</AD_InfoProcess_UU>
            <IsActive>Y</IsActive>
            <ImageURL/>
            <SeqNo>24</SeqNo>
            <AD_Process_ID reference="uuid" reference-key="AD_Process">e9b88b29-6e17-4477-b675-274a113f4ba8</AD_Process_ID>
            <AD_InfoWindow_ID reference="uuid" reference-key="AD_InfoWindow">bfb04ef5-2822-42df-b342-daad95dd271a</AD_InfoWindow_ID>
            <LayoutType>B</LayoutType>
            <DisplayLogic/>
            <AD_InfoColumn_ID reference="id"/>
        </AD_InfoProcess>
    </AD_InfoWindow>
</idempiere>
