<?xml version="1.0" encoding="UTF-8"?><idempiere Name="PickingReport" Version="1" idempiereVersion="" DataBaseVersion="" Description="" Author="" AuthorEmail="" CreatedDate="2019-07-23 10:12:02.777" UpdatedDate="2019-07-23 10:14:36.872" PackOutVersion="100" UpdateDictionary="false" Client="0-SYSTEM-System" AD_Client_UU="11237b53-9592-4af1-b3c5-afd216514b5d">
    <AD_Element type="table">
        <AD_Client_ID>0</AD_Client_ID>
        <AD_Org_ID>0</AD_Org_ID>
        <IsActive>Y</IsActive>
        <ColumnName>WM_HandlingUnitOld_ID</ColumnName>
        <Name>HandlingUnit Old</Name>
        <Description/>
        <Help/>
        <PrintName>Handling Old</PrintName>
        <PO_Description/>
        <PO_Help/>
        <PO_Name/>
        <PO_PrintName/>
        <EntityType>U</EntityType>
        <AD_Element_UU>5ff49174-7c1b-426c-9e60-cb5a74bbb898</AD_Element_UU>
        <Placeholder/>
    </AD_Element>
    <AD_Column type="table">
        <IsSyncDatabase>Y</IsSyncDatabase>
        <AD_Table_ID reference="uuid" reference-key="AD_Table">61bf23b4-e3f5-4230-b631-1b0371952f34</AD_Table_ID>
        <AD_Reference_Value_ID reference="uuid" reference-key="AD_Reference">c9141c11-dcd7-4054-a610-92534fcc06c3</AD_Reference_Value_ID>
        <AD_Client_ID>0</AD_Client_ID>
        <AD_Org_ID>0</AD_Org_ID>
        <Version>0.0</Version>
        <Name>HandlingUnit Old</Name>
        <Description/>
        <Help/>
        <AD_Val_Rule_ID reference="id"/>
        <ColumnName>WM_HandlingUnitOld_ID</ColumnName>
        <DefaultValue/>
        <FieldLength>22</FieldLength>
        <IsKey>N</IsKey>
        <IsParent>N</IsParent>
        <IsMandatory>N</IsMandatory>
        <IsTranslated>N</IsTranslated>
        <IsIdentifier>N</IsIdentifier>
        <SeqNo>0</SeqNo>
        <IsEncrypted>N</IsEncrypted>
        <AD_Reference_ID reference="id">18</AD_Reference_ID>
        <IsActive>Y</IsActive>
        <VFormat/>
        <Callout/>
        <AD_Element_ID reference="uuid" reference-key="AD_Element">5ff49174-7c1b-426c-9e60-cb5a74bbb898</AD_Element_ID>
        <IsUpdateable>Y</IsUpdateable>
        <AD_Process_ID reference="id"/>
        <ValueMin/>
        <ValueMax/>
        <IsSelectionColumn>N</IsSelectionColumn>
        <ReadOnlyLogic/>
        <EntityType>U</EntityType>
        <IsAlwaysUpdateable>N</IsAlwaysUpdateable>
        <ColumnSQL/>
        <MandatoryLogic/>
        <IsAutocomplete>N</IsAutocomplete>
        <IsAllowLogging>Y</IsAllowLogging>
        <FormatPattern/>
        <AD_Chart_ID reference="id"/>
        <AD_Column_UU>8fe763be-c163-4847-8418-8b9ad14e7f77</AD_Column_UU>
        <IsAllowCopy>Y</IsAllowCopy>
        <SeqNoSelection/>
        <IsToolbarButton>N</IsToolbarButton>
        <IsSecure>N</IsSecure>
        <FKConstraintName>WMHandlingUnitOld_ReportPutawa</FKConstraintName>
        <FKConstraintType>N</FKConstraintType>
        <PA_DashboardContent_ID reference="id"/>
        <Placeholder/>
        <IsHtml>N</IsHtml>
    </AD_Column>
    <AD_Element type="table">
        <AD_Client_ID>0</AD_Client_ID>
        <AD_Org_ID>0</AD_Org_ID>
        <IsActive>Y</IsActive>
        <ColumnName>M_LocatorOld_ID</ColumnName>
        <Name>M_LocatorOld_ID</Name>
        <Description/>
        <Help/>
        <PrintName>M_LocatorOld_ID</PrintName>
        <PO_Description/>
        <PO_Help/>
        <PO_Name/>
        <PO_PrintName/>
        <EntityType>U</EntityType>
        <AD_Element_UU>c357e945-8c60-4756-9e69-44b1f6942482</AD_Element_UU>
        <Placeholder/>
    </AD_Element>
    <AD_Reference type="table">
        <AD_Client_ID>0</AD_Client_ID>
        <AD_Org_ID>0</AD_Org_ID>
        <Name>LocatorOld</Name>
        <Description/>
        <Help/>
        <ValidationType>T</ValidationType>
        <IsActive>Y</IsActive>
        <VFormat/>
        <EntityType>U</EntityType>
        <IsOrderByValue>N</IsOrderByValue>
        <AD_Reference_UU>92840812-9a53-470a-9db1-bf736c920faa</AD_Reference_UU>
        <AD_Ref_Table type="table">
            <AD_Client_ID>0</AD_Client_ID>
            <AD_Org_ID>0</AD_Org_ID>
            <AD_Reference_ID reference="uuid" reference-key="AD_Reference">92840812-9a53-470a-9db1-bf736c920faa</AD_Reference_ID>
            <AD_Table_ID reference="id">207</AD_Table_ID>
            <WhereClause/>
            <OrderByClause>M_Locator.Value</OrderByClause>
            <IsActive>Y</IsActive>
            <IsValueDisplayed>N</IsValueDisplayed>
            <EntityType>U</EntityType>
            <AD_Window_ID reference="id"/>
            <AD_Ref_Table_UU>81b80dd9-85d1-466c-866b-1c589e478018</AD_Ref_Table_UU>
            <AD_InfoWindow_ID reference="id"/>
            <AD_Display reference="id">3012</AD_Display>
            <AD_Key reference="id">1389</AD_Key>
        </AD_Ref_Table>
    </AD_Reference>
    <AD_Column type="table">
        <IsSyncDatabase>Y</IsSyncDatabase>
        <AD_Table_ID reference="uuid" reference-key="AD_Table">b70787f9-88a7-483e-8691-1cadc64d47e5</AD_Table_ID>
        <AD_Reference_Value_ID reference="uuid" reference-key="AD_Reference">92840812-9a53-470a-9db1-bf736c920faa</AD_Reference_Value_ID>
        <AD_Client_ID>0</AD_Client_ID>
        <AD_Org_ID>0</AD_Org_ID>
        <Version>0.0</Version>
        <Name>M_LocatorOld_ID</Name>
        <Description/>
        <Help/>
        <AD_Val_Rule_ID reference="id"/>
        <ColumnName>M_LocatorOld_ID</ColumnName>
        <DefaultValue/>
        <FieldLength>22</FieldLength>
        <IsKey>N</IsKey>
        <IsParent>N</IsParent>
        <IsMandatory>N</IsMandatory>
        <IsTranslated>N</IsTranslated>
        <IsIdentifier>N</IsIdentifier>
        <SeqNo/>
        <IsEncrypted>N</IsEncrypted>
        <AD_Reference_ID reference="id">18</AD_Reference_ID>
        <IsActive>Y</IsActive>
        <VFormat/>
        <Callout/>
        <AD_Element_ID reference="uuid" reference-key="AD_Element">c357e945-8c60-4756-9e69-44b1f6942482</AD_Element_ID>
        <IsUpdateable>Y</IsUpdateable>
        <AD_Process_ID reference="id"/>
        <ValueMin/>
        <ValueMax/>
        <IsSelectionColumn>N</IsSelectionColumn>
        <ReadOnlyLogic/>
        <EntityType>XX</EntityType>
        <IsAlwaysUpdateable>N</IsAlwaysUpdateable>
        <ColumnSQL/>
        <MandatoryLogic/>
        <IsAutocomplete>N</IsAutocomplete>
        <IsAllowLogging>Y</IsAllowLogging>
        <FormatPattern/>
        <AD_Chart_ID reference="id"/>
        <AD_Column_UU>f766828b-450b-475e-9b9e-117ab71659e0</AD_Column_UU>
        <IsAllowCopy>Y</IsAllowCopy>
        <SeqNoSelection/>
        <IsToolbarButton>N</IsToolbarButton>
        <IsSecure>N</IsSecure>
        <FKConstraintName>MLocatorOld_WMInOutLine</FKConstraintName>
        <FKConstraintType>N</FKConstraintType>
        <PA_DashboardContent_ID reference="id"/>
        <Placeholder/>
        <IsHtml>N</IsHtml>
    </AD_Column>
    <AD_InfoWindow type="table">
        <AD_Client_ID>0</AD_Client_ID>
        <AD_Org_ID>0</AD_Org_ID>
        <IsActive>Y</IsActive>
        <Name>Putaway/Picking Info-Window</Name>
        <Description/>
        <Help/>
        <AD_Table_ID reference="uuid" reference-key="AD_Table">b70787f9-88a7-483e-8691-1cadc64d47e5</AD_Table_ID>
        <EntityType>A</EntityType>
        <FromClause>WM_InOutLine a
INNER JOIN WM_InOut b ON (b.WM_InOut_ID=a.WM_InOut_ID) LEFT JOIN M_Locator m ON (m.M_Locator_ID=a.M_Locator_ID) </FromClause>
        <OtherClause/>
        <Processing>N</Processing>
        <AD_InfoWindow_UU>bfb04ef5-2822-42df-b342-daad95dd271a</AD_InfoWindow_UU>
        <WhereClause/>
        <IsDefault>N</IsDefault>
        <IsDistinct>N</IsDistinct>
        <OrderByClause>a.Sequence</OrderByClause>
        <IsValid>Y</IsValid>
        <AD_CtxHelp_ID reference="id"/>
        <ImageURL/>
        <SeqNo>84</SeqNo>
        <IsShowInDashboard>Y</IsShowInDashboard>
        <MaxQueryRecords>0</MaxQueryRecords>
        <isLoadPageNum>Y</isLoadPageNum>
        <AD_InfoColumn type="table">
            <AD_Client_ID>0</AD_Client_ID>
            <AD_Org_ID>0</AD_Org_ID>
            <IsActive>Y</IsActive>
            <Name>Gate</Name>
            <Description/>
            <Help/>
            <AD_InfoWindow_ID reference="uuid" reference-key="AD_InfoWindow">bfb04ef5-2822-42df-b342-daad95dd271a</AD_InfoWindow_ID>
            <EntityType>U</EntityType>
            <SelectClause>b.WM_Gate_ID</SelectClause>
            <SeqNo>4</SeqNo>
            <IsDisplayed>N</IsDisplayed>
            <IsQueryCriteria>Y</IsQueryCriteria>
            <AD_Element_ID reference="uuid" reference-key="AD_Element">9f6f8775-de33-4434-9ba3-6c1f4ae98436</AD_Element_ID>
            <AD_Reference_ID reference="id">19</AD_Reference_ID>
            <AD_InfoColumn_UU>cd722c14-ad42-42c2-b29a-89771080961c</AD_InfoColumn_UU>
            <AD_Reference_Value_ID reference="id"/>
            <AD_Val_Rule_ID reference="id"/>
            <IsCentrallyMaintained>Y</IsCentrallyMaintained>
            <DisplayLogic/>
            <ColumnName>WM_Gate_ID</ColumnName>
            <QueryOperator>=</QueryOperator>
            <QueryFunction/>
            <IsIdentifier>N</IsIdentifier>
            <SeqNoSelection>30</SeqNoSelection>
            <DefaultValue/>
            <IsMandatory>N</IsMandatory>
            <IsKey>N</IsKey>
            <IsReadOnly>Y</IsReadOnly>
            <Placeholder/>
            <InputFieldValidation/>
        </AD_InfoColumn>
        <AD_InfoColumn type="table">
            <AD_Client_ID>0</AD_Client_ID>
            <AD_Org_ID>0</AD_Org_ID>
            <IsActive>Y</IsActive>
            <Name>Qty</Name>
            <Description>Both Putaway and Picking Quantity</Description>
            <Help/>
            <AD_InfoWindow_ID reference="uuid" reference-key="AD_InfoWindow">bfb04ef5-2822-42df-b342-daad95dd271a</AD_InfoWindow_ID>
            <EntityType>U</EntityType>
            <SelectClause>a.QtyPicked</SelectClause>
            <SeqNo>8</SeqNo>
            <IsDisplayed>Y</IsDisplayed>
            <IsQueryCriteria>N</IsQueryCriteria>
            <AD_Element_ID reference="uuid" reference-key="AD_Element">f62224a5-9aba-400f-80f9-76c34bd0e4c6</AD_Element_ID>
            <AD_Reference_ID reference="id">10</AD_Reference_ID>
            <AD_InfoColumn_UU>859c1a50-68aa-463f-adf9-1f1cd907d22b</AD_InfoColumn_UU>
            <AD_Reference_Value_ID reference="id"/>
            <AD_Val_Rule_ID reference="id"/>
            <IsCentrallyMaintained>Y</IsCentrallyMaintained>
            <DisplayLogic/>
            <ColumnName>QtyPicked</ColumnName>
            <QueryOperator>Like</QueryOperator>
            <QueryFunction>Upper</QueryFunction>
            <IsIdentifier>N</IsIdentifier>
            <SeqNoSelection>0</SeqNoSelection>
            <DefaultValue/>
            <IsMandatory>N</IsMandatory>
            <IsKey>N</IsKey>
            <IsReadOnly>Y</IsReadOnly>
            <Placeholder/>
            <InputFieldValidation/>
        </AD_InfoColumn>
        <AD_InfoColumn type="table">
            <AD_Client_ID>0</AD_Client_ID>
            <AD_Org_ID>0</AD_Org_ID>
            <IsActive>Y</IsActive>
            <Name>Attribute Set Instance</Name>
            <Description>Product Attribute Set Instance</Description>
            <Help>The values of the actual Product Attribute Instances.  The product level attributes are defined on Product level.</Help>
            <AD_InfoWindow_ID reference="uuid" reference-key="AD_InfoWindow">bfb04ef5-2822-42df-b342-daad95dd271a</AD_InfoWindow_ID>
            <EntityType>U</EntityType>
            <SelectClause>a.M_AttributeSetInstance_ID</SelectClause>
            <SeqNo>11</SeqNo>
            <IsDisplayed>N</IsDisplayed>
            <IsQueryCriteria>Y</IsQueryCriteria>
            <AD_Element_ID reference="id">2019</AD_Element_ID>
            <AD_Reference_ID reference="id">35</AD_Reference_ID>
            <AD_InfoColumn_UU>770c6d08-1f54-4138-8183-cfc8d91bc3ed</AD_InfoColumn_UU>
            <AD_Reference_Value_ID reference="id"/>
            <AD_Val_Rule_ID reference="id"/>
            <IsCentrallyMaintained>Y</IsCentrallyMaintained>
            <DisplayLogic/>
            <ColumnName>M_AttributeSetInstance_ID</ColumnName>
            <QueryOperator>=</QueryOperator>
            <QueryFunction/>
            <IsIdentifier>N</IsIdentifier>
            <SeqNoSelection>9</SeqNoSelection>
            <DefaultValue/>
            <IsMandatory>N</IsMandatory>
            <IsKey>N</IsKey>
            <IsReadOnly>Y</IsReadOnly>
            <Placeholder/>
            <InputFieldValidation/>
        </AD_InfoColumn>
        <AD_InfoColumn type="table">
            <AD_Client_ID>0</AD_Client_ID>
            <AD_Org_ID>0</AD_Org_ID>
            <IsActive>Y</IsActive>
            <Name>UOM</Name>
            <Description>Unit of Measure</Description>
            <Help>The UOM defines a unique non monetary Unit of Measure</Help>
            <AD_InfoWindow_ID reference="uuid" reference-key="AD_InfoWindow">bfb04ef5-2822-42df-b342-daad95dd271a</AD_InfoWindow_ID>
            <EntityType>U</EntityType>
            <SelectClause>a.C_UOM_ID</SelectClause>
            <SeqNo>20</SeqNo>
            <IsDisplayed>N</IsDisplayed>
            <IsQueryCriteria>N</IsQueryCriteria>
            <AD_Element_ID reference="id">215</AD_Element_ID>
            <AD_Reference_ID reference="id">19</AD_Reference_ID>
            <AD_InfoColumn_UU>d114af84-2238-4f0b-8d0f-dc434c09af34</AD_InfoColumn_UU>
            <AD_Reference_Value_ID reference="id"/>
            <AD_Val_Rule_ID reference="id"/>
            <IsCentrallyMaintained>Y</IsCentrallyMaintained>
            <DisplayLogic/>
            <ColumnName>C_UOM_ID</ColumnName>
            <QueryOperator/>
            <QueryFunction/>
            <IsIdentifier>N</IsIdentifier>
            <SeqNoSelection>0</SeqNoSelection>
            <DefaultValue/>
            <IsMandatory>N</IsMandatory>
            <IsKey>N</IsKey>
            <IsReadOnly>Y</IsReadOnly>
            <Placeholder/>
            <InputFieldValidation/>
        </AD_InfoColumn>
        <AD_InfoColumn type="table">
            <AD_Client_ID>0</AD_Client_ID>
            <AD_Org_ID>0</AD_Org_ID>
            <IsActive>Y</IsActive>
            <Name>Bin (Y)</Name>
            <Description>Y dimension, e.g., Bin</Description>
            <Help>The Y dimension indicates the Bin a product is located in</Help>
            <AD_InfoWindow_ID reference="uuid" reference-key="AD_InfoWindow">bfb04ef5-2822-42df-b342-daad95dd271a</AD_InfoWindow_ID>
            <EntityType>U</EntityType>
            <SelectClause>m.Y</SelectClause>
            <SeqNo>64</SeqNo>
            <IsDisplayed>N</IsDisplayed>
            <IsQueryCriteria>N</IsQueryCriteria>
            <AD_Element_ID reference="id">635</AD_Element_ID>
            <AD_Reference_ID reference="id">10</AD_Reference_ID>
            <AD_InfoColumn_UU>87eedd62-95e5-4f77-bb2a-13007effb845</AD_InfoColumn_UU>
            <AD_Reference_Value_ID reference="id"/>
            <AD_Val_Rule_ID reference="id"/>
            <IsCentrallyMaintained>Y</IsCentrallyMaintained>
            <DisplayLogic/>
            <ColumnName>Y</ColumnName>
            <QueryOperator>=</QueryOperator>
            <QueryFunction/>
            <IsIdentifier>N</IsIdentifier>
            <SeqNoSelection>8</SeqNoSelection>
            <DefaultValue/>
            <IsMandatory>N</IsMandatory>
            <IsKey>N</IsKey>
            <IsReadOnly>Y</IsReadOnly>
            <Placeholder/>
            <InputFieldValidation/>
        </AD_InfoColumn>
        <AD_InfoColumn type="table">
            <AD_Client_ID>0</AD_Client_ID>
            <AD_Org_ID>0</AD_Org_ID>
            <IsActive>Y</IsActive>
            <Name>Aisle (X)</Name>
            <Description>X dimension, e.g., Aisle</Description>
            <Help>The X dimension indicates the Aisle a product is located in.</Help>
            <AD_InfoWindow_ID reference="uuid" reference-key="AD_InfoWindow">bfb04ef5-2822-42df-b342-daad95dd271a</AD_InfoWindow_ID>
            <EntityType>U</EntityType>
            <SelectClause>m.X</SelectClause>
            <SeqNo>54</SeqNo>
            <IsDisplayed>N</IsDisplayed>
            <IsQueryCriteria>N</IsQueryCriteria>
            <AD_Element_ID reference="id">633</AD_Element_ID>
            <AD_Reference_ID reference="id">10</AD_Reference_ID>
            <AD_InfoColumn_UU>d8a020da-a521-44a1-94da-8e04b79b672d</AD_InfoColumn_UU>
            <AD_Reference_Value_ID reference="id"/>
            <AD_Val_Rule_ID reference="id"/>
            <IsCentrallyMaintained>Y</IsCentrallyMaintained>
            <DisplayLogic/>
            <ColumnName>X</ColumnName>
            <QueryOperator>=</QueryOperator>
            <QueryFunction/>
            <IsIdentifier>N</IsIdentifier>
            <SeqNoSelection>7</SeqNoSelection>
            <DefaultValue/>
            <IsMandatory>N</IsMandatory>
            <IsKey>N</IsKey>
            <IsReadOnly>Y</IsReadOnly>
            <Placeholder/>
            <InputFieldValidation/>
        </AD_InfoColumn>
        <AD_InfoColumn type="table">
            <AD_Client_ID>0</AD_Client_ID>
            <AD_Org_ID>0</AD_Org_ID>
            <IsActive>Y</IsActive>
            <Name>Handling Old</Name>
            <Description/>
            <Help/>
            <AD_InfoWindow_ID reference="uuid" reference-key="AD_InfoWindow">bfb04ef5-2822-42df-b342-daad95dd271a</AD_InfoWindow_ID>
            <EntityType>U</EntityType>
            <SelectClause>a.WM_HandlingUnitOld_ID</SelectClause>
            <SeqNo>74</SeqNo>
            <IsDisplayed>Y</IsDisplayed>
            <IsQueryCriteria>N</IsQueryCriteria>
            <AD_Element_ID reference="uuid" reference-key="AD_Element">5ff49174-7c1b-426c-9e60-cb5a74bbb898</AD_Element_ID>
            <AD_Reference_ID reference="id">18</AD_Reference_ID>
            <AD_InfoColumn_UU>da440efa-795a-4594-b61c-0b2c41533263</AD_InfoColumn_UU>
            <AD_Reference_Value_ID reference="uuid" reference-key="AD_Reference">c9141c11-dcd7-4054-a610-92534fcc06c3</AD_Reference_Value_ID>
            <AD_Val_Rule_ID reference="id"/>
            <IsCentrallyMaintained>N</IsCentrallyMaintained>
            <DisplayLogic/>
            <ColumnName>WM_HandlingUnitOld_ID</ColumnName>
            <QueryOperator>=</QueryOperator>
            <QueryFunction/>
            <IsIdentifier>N</IsIdentifier>
            <SeqNoSelection>40</SeqNoSelection>
            <DefaultValue/>
            <IsMandatory>N</IsMandatory>
            <IsKey>N</IsKey>
            <IsReadOnly>Y</IsReadOnly>
            <Placeholder/>
            <InputFieldValidation/>
        </AD_InfoColumn>
        <AD_InfoColumn type="table">
            <AD_Client_ID>0</AD_Client_ID>
            <AD_Org_ID>0</AD_Org_ID>
            <IsActive>Y</IsActive>
            <Name>Sales Transaction</Name>
            <Description>This is a Sales Transaction</Description>
            <Help>The Sales Transaction checkbox indicates if this item is a Sales Transaction.</Help>
            <AD_InfoWindow_ID reference="uuid" reference-key="AD_InfoWindow">bfb04ef5-2822-42df-b342-daad95dd271a</AD_InfoWindow_ID>
            <EntityType>U</EntityType>
            <SelectClause>b.IsSOTrx</SelectClause>
            <SeqNo>44</SeqNo>
            <IsDisplayed>N</IsDisplayed>
            <IsQueryCriteria>Y</IsQueryCriteria>
            <AD_Element_ID reference="id">1106</AD_Element_ID>
            <AD_Reference_ID reference="id">20</AD_Reference_ID>
            <AD_InfoColumn_UU>c006a293-ef2a-4afd-a5d0-e43d6588436a</AD_InfoColumn_UU>
            <AD_Reference_Value_ID reference="id"/>
            <AD_Val_Rule_ID reference="id"/>
            <IsCentrallyMaintained>Y</IsCentrallyMaintained>
            <DisplayLogic/>
            <ColumnName>IsSOTrx</ColumnName>
            <QueryOperator>=</QueryOperator>
            <QueryFunction/>
            <IsIdentifier>N</IsIdentifier>
            <SeqNoSelection>60</SeqNoSelection>
            <DefaultValue/>
            <IsMandatory>N</IsMandatory>
            <IsKey>N</IsKey>
            <IsReadOnly>Y</IsReadOnly>
            <Placeholder/>
            <InputFieldValidation/>
        </AD_InfoColumn>
    </AD_InfoWindow>
</idempiere>
