<?xml version="1.0" encoding="UTF-8"?><idempiere Name="WMSMigration" Version="1" idempiereVersion="" DataBaseVersion="" Description="" Author="" AuthorEmail="" CreatedDate="2019-08-26 19:51:01.319" UpdatedDate="2019-08-29 13:07:47.881" PackOutVersion="100" UpdateDictionary="false" Client="0-SYSTEM-System" AD_Client_UU="11237b53-9592-4af1-b3c5-afd216514b5d">
    <AD_Column type="table">
        <IsSyncDatabase>Y</IsSyncDatabase>
        <AD_Table_ID reference="uuid" reference-key="AD_Table">0d3b35ff-1744-42ab-a7bf-c37b07568716</AD_Table_ID>
        <AD_Reference_Value_ID reference="uuid" reference-key="AD_Reference">c9141c11-dcd7-4054-a610-92534fcc06c3</AD_Reference_Value_ID>
        <AD_Client_ID>0</AD_Client_ID>
        <AD_Org_ID>0</AD_Org_ID>
        <Version>0.0</Version>
        <Name>HandlingUnit Old</Name>
        <Description/>
        <Help/>
        <AD_Val_Rule_ID reference="id"/>
        <ColumnName>WM_HandlingUnitOld_ID</ColumnName>
        <DefaultValue/>
        <FieldLength>22</FieldLength>
        <IsKey>N</IsKey>
        <IsParent>N</IsParent>
        <IsMandatory>N</IsMandatory>
        <IsTranslated>N</IsTranslated>
        <IsIdentifier>N</IsIdentifier>
        <SeqNo/>
        <IsEncrypted>N</IsEncrypted>
        <AD_Reference_ID reference="id">18</AD_Reference_ID>
        <IsActive>Y</IsActive>
        <VFormat/>
        <Callout/>
        <AD_Element_ID reference="uuid" reference-key="AD_Element">5ff49174-7c1b-426c-9e60-cb5a74bbb898</AD_Element_ID>
        <IsUpdateable>Y</IsUpdateable>
        <AD_Process_ID reference="id"/>
        <ValueMin/>
        <ValueMax/>
        <IsSelectionColumn>N</IsSelectionColumn>
        <ReadOnlyLogic/>
        <EntityType>XX</EntityType>
        <IsAlwaysUpdateable>N</IsAlwaysUpdateable>
        <ColumnSQL/>
        <MandatoryLogic/>
        <IsAutocomplete>N</IsAutocomplete>
        <IsAllowLogging>Y</IsAllowLogging>
        <FormatPattern/>
        <AD_Chart_ID reference="id"/>
        <AD_Column_UU>04e25ee2-ef3f-4687-8a16-43151f595d01</AD_Column_UU>
        <IsAllowCopy>Y</IsAllowCopy>
        <SeqNoSelection/>
        <IsToolbarButton>N</IsToolbarButton>
        <IsSecure>N</IsSecure>
        <FKConstraintName/>
        <FKConstraintType>N</FKConstraintType>
        <PA_DashboardContent_ID reference="id"/>
        <Placeholder/>
        <IsHtml>N</IsHtml>
    </AD_Column>
    <AD_Field type="table">
        <AD_Client_ID>0</AD_Client_ID>
        <AD_Org_ID>0</AD_Org_ID>
        <Name>Client</Name>
        <Description>Client/Tenant for this installation.</Description>
        <Help>A Client is a company or a legal entity. You cannot share data between Clients. Tenant is a synonym for Client.</Help>
        <AD_Tab_ID reference="uuid" reference-key="AD_Tab">6ea56853-08a7-4809-8919-d104252b4ee7</AD_Tab_ID>
        <AD_Column_ID reference="uuid" reference-key="AD_Column">406e734f-07b6-457d-9c78-3962a644bf2f</AD_Column_ID>
        <IsDisplayed>Y</IsDisplayed>
        <DisplayLogic/>
        <DisplayLength>22</DisplayLength>
        <SeqNo>3</SeqNo>
        <SortNo/>
        <IsSameLine>N</IsSameLine>
        <IsHeading>N</IsHeading>
        <IsFieldOnly>N</IsFieldOnly>
        <IsEncrypted>N</IsEncrypted>
        <IsActive>Y</IsActive>
        <IsReadOnly>N</IsReadOnly>
        <IsCentrallyMaintained>N</IsCentrallyMaintained>
        <AD_FieldGroup_ID reference="id"/>
        <EntityType>U</EntityType>
        <ObscureType/>
        <AD_Reference_ID reference="id"/>
        <IsMandatory/>
        <DefaultValue/>
        <AD_Reference_Value_ID reference="id"/>
        <AD_Val_Rule_ID reference="id"/>
        <Included_Tab_ID reference="id"/>
        <AD_Field_UU>7618155c-0023-4665-b050-cd548cea6a1f</AD_Field_UU>
        <IsAllowCopy/>
        <IsDisplayedGrid>N</IsDisplayedGrid>
        <SeqNoGrid/>
        <XPosition>1</XPosition>
        <ColumnSpan>1</ColumnSpan>
        <NumLines>1</NumLines>
        <IsQuickEntry>N</IsQuickEntry>
        <IsUpdateable/>
        <IsAlwaysUpdateable/>
        <MandatoryLogic/>
        <ReadOnlyLogic/>
        <IsToolbarButton/>
        <IsDefaultFocus>N</IsDefaultFocus>
        <IsAdvancedField>N</IsAdvancedField>
        <VFormat/>
        <AD_LabelStyle_ID reference="id"/>
        <AD_FieldStyle_ID reference="id"/>
        <Placeholder/>
    </AD_Field>
    <AD_Field type="table">
        <AD_Client_ID>0</AD_Client_ID>
        <AD_Org_ID>0</AD_Org_ID>
        <Name>Organization</Name>
        <Description>Organizational entity within client</Description>
        <Help>An organization is a unit of your client or legal entity - examples are store, department. You can share data between organizations.</Help>
        <AD_Tab_ID reference="uuid" reference-key="AD_Tab">6ea56853-08a7-4809-8919-d104252b4ee7</AD_Tab_ID>
        <AD_Column_ID reference="uuid" reference-key="AD_Column">a871fd3d-a711-458f-ba34-fd04bae39702</AD_Column_ID>
        <IsDisplayed>Y</IsDisplayed>
        <DisplayLogic/>
        <DisplayLength>22</DisplayLength>
        <SeqNo>6</SeqNo>
        <SortNo/>
        <IsSameLine>Y</IsSameLine>
        <IsHeading>N</IsHeading>
        <IsFieldOnly>N</IsFieldOnly>
        <IsEncrypted>N</IsEncrypted>
        <IsActive>Y</IsActive>
        <IsReadOnly>N</IsReadOnly>
        <IsCentrallyMaintained>N</IsCentrallyMaintained>
        <AD_FieldGroup_ID reference="id"/>
        <EntityType>U</EntityType>
        <ObscureType/>
        <AD_Reference_ID reference="id"/>
        <IsMandatory/>
        <DefaultValue/>
        <AD_Reference_Value_ID reference="id"/>
        <AD_Val_Rule_ID reference="id"/>
        <Included_Tab_ID reference="id"/>
        <AD_Field_UU>82419d50-8edb-43fa-bbae-0080b2c8dcf1</AD_Field_UU>
        <IsAllowCopy>Y</IsAllowCopy>
        <IsDisplayedGrid>N</IsDisplayedGrid>
        <SeqNoGrid/>
        <XPosition>3</XPosition>
        <ColumnSpan>1</ColumnSpan>
        <NumLines>1</NumLines>
        <IsQuickEntry>N</IsQuickEntry>
        <IsUpdateable/>
        <IsAlwaysUpdateable/>
        <MandatoryLogic/>
        <ReadOnlyLogic/>
        <IsToolbarButton/>
        <IsDefaultFocus>N</IsDefaultFocus>
        <IsAdvancedField>N</IsAdvancedField>
        <VFormat/>
        <AD_LabelStyle_ID reference="id"/>
        <AD_FieldStyle_ID reference="id"/>
        <Placeholder/>
    </AD_Field>
    <AD_Field type="table">
        <AD_Client_ID>0</AD_Client_ID>
        <AD_Org_ID>0</AD_Org_ID>
        <Name>Handling Unit Old</Name>
        <Description/>
        <Help/>
        <AD_Tab_ID reference="uuid" reference-key="AD_Tab">6ea56853-08a7-4809-8919-d104252b4ee7</AD_Tab_ID>
        <AD_Column_ID reference="uuid" reference-key="AD_Column">04e25ee2-ef3f-4687-8a16-43151f595d01</AD_Column_ID>
        <IsDisplayed>Y</IsDisplayed>
        <DisplayLogic/>
        <DisplayLength>22</DisplayLength>
        <SeqNo>10</SeqNo>
        <SortNo/>
        <IsSameLine>N</IsSameLine>
        <IsHeading>N</IsHeading>
        <IsFieldOnly>N</IsFieldOnly>
        <IsEncrypted>N</IsEncrypted>
        <IsActive>Y</IsActive>
        <IsReadOnly>N</IsReadOnly>
        <IsCentrallyMaintained>N</IsCentrallyMaintained>
        <AD_FieldGroup_ID reference="id"/>
        <EntityType>XX</EntityType>
        <ObscureType/>
        <AD_Reference_ID reference="id"/>
        <IsMandatory/>
        <DefaultValue/>
        <AD_Reference_Value_ID reference="id"/>
        <AD_Val_Rule_ID reference="id"/>
        <Included_Tab_ID reference="id"/>
        <AD_Field_UU>b3c209f2-455b-4bc6-b4d5-79c61246213c</AD_Field_UU>
        <IsAllowCopy/>
        <IsDisplayedGrid>Y</IsDisplayedGrid>
        <SeqNoGrid/>
        <XPosition>1</XPosition>
        <ColumnSpan>1</ColumnSpan>
        <NumLines>1</NumLines>
        <IsQuickEntry>N</IsQuickEntry>
        <IsUpdateable/>
        <IsAlwaysUpdateable/>
        <MandatoryLogic/>
        <ReadOnlyLogic/>
        <IsToolbarButton/>
        <IsDefaultFocus>N</IsDefaultFocus>
        <IsAdvancedField>N</IsAdvancedField>
        <VFormat/>
        <AD_LabelStyle_ID reference="id"/>
        <AD_FieldStyle_ID reference="id"/>
        <Placeholder/>
    </AD_Field>
    <AD_Field type="table">
        <AD_Client_ID>0</AD_Client_ID>
        <AD_Org_ID>0</AD_Org_ID>
        <Name>Locator</Name>
        <Description>Warehouse Locator</Description>
        <Help>The Locator indicates where in a Warehouse a product is located.</Help>
        <AD_Tab_ID reference="uuid" reference-key="AD_Tab">6ea56853-08a7-4809-8919-d104252b4ee7</AD_Tab_ID>
        <AD_Column_ID reference="uuid" reference-key="AD_Column">3423b741-7f6c-42b9-be5c-27662f14a08f</AD_Column_ID>
        <IsDisplayed>Y</IsDisplayed>
        <DisplayLogic/>
        <DisplayLength>22</DisplayLength>
        <SeqNo>10</SeqNo>
        <SortNo/>
        <IsSameLine>N</IsSameLine>
        <IsHeading>N</IsHeading>
        <IsFieldOnly>N</IsFieldOnly>
        <IsEncrypted>N</IsEncrypted>
        <IsActive>Y</IsActive>
        <IsReadOnly>N</IsReadOnly>
        <IsCentrallyMaintained>N</IsCentrallyMaintained>
        <AD_FieldGroup_ID reference="id"/>
        <EntityType>XX</EntityType>
        <ObscureType/>
        <AD_Reference_ID reference="id"/>
        <IsMandatory/>
        <DefaultValue/>
        <AD_Reference_Value_ID reference="id"/>
        <AD_Val_Rule_ID reference="id"/>
        <Included_Tab_ID reference="id"/>
        <AD_Field_UU>2f0085e0-af0f-45fb-bb44-32a5cb12dc86</AD_Field_UU>
        <IsAllowCopy/>
        <IsDisplayedGrid>Y</IsDisplayedGrid>
        <SeqNoGrid/>
        <XPosition>3</XPosition>
        <ColumnSpan>1</ColumnSpan>
        <NumLines>1</NumLines>
        <IsQuickEntry>N</IsQuickEntry>
        <IsUpdateable/>
        <IsAlwaysUpdateable/>
        <MandatoryLogic/>
        <ReadOnlyLogic/>
        <IsToolbarButton/>
        <IsDefaultFocus>N</IsDefaultFocus>
        <IsAdvancedField>N</IsAdvancedField>
        <VFormat/>
        <AD_LabelStyle_ID reference="id"/>
        <AD_FieldStyle_ID reference="id"/>
        <Placeholder/>
    </AD_Field>
    <AD_Field type="table">
        <AD_Client_ID>0</AD_Client_ID>
        <AD_Org_ID>0</AD_Org_ID>
        <Name>Migration</Name>
        <Description/>
        <Help/>
        <AD_Tab_ID reference="uuid" reference-key="AD_Tab">6ea56853-08a7-4809-8919-d104252b4ee7</AD_Tab_ID>
        <AD_Column_ID reference="uuid" reference-key="AD_Column">894c8fdb-e40e-40bc-8cd3-275caa3bcb49</AD_Column_ID>
        <IsDisplayed>N</IsDisplayed>
        <DisplayLogic/>
        <DisplayLength>22</DisplayLength>
        <SeqNo>10</SeqNo>
        <SortNo/>
        <IsSameLine>N</IsSameLine>
        <IsHeading>N</IsHeading>
        <IsFieldOnly>N</IsFieldOnly>
        <IsEncrypted>N</IsEncrypted>
        <IsActive>Y</IsActive>
        <IsReadOnly>N</IsReadOnly>
        <IsCentrallyMaintained>N</IsCentrallyMaintained>
        <AD_FieldGroup_ID reference="id"/>
        <EntityType>XX</EntityType>
        <ObscureType/>
        <AD_Reference_ID reference="id"/>
        <IsMandatory/>
        <DefaultValue/>
        <AD_Reference_Value_ID reference="id"/>
        <AD_Val_Rule_ID reference="id"/>
        <Included_Tab_ID reference="id"/>
        <AD_Field_UU>a6ad83f8-ea8b-45c2-ab42-96fe143de809</AD_Field_UU>
        <IsAllowCopy/>
        <IsDisplayedGrid>N</IsDisplayedGrid>
        <SeqNoGrid/>
        <XPosition>1</XPosition>
        <ColumnSpan>1</ColumnSpan>
        <NumLines>1</NumLines>
        <IsQuickEntry>N</IsQuickEntry>
        <IsUpdateable/>
        <IsAlwaysUpdateable/>
        <MandatoryLogic/>
        <ReadOnlyLogic/>
        <IsToolbarButton/>
        <IsDefaultFocus>N</IsDefaultFocus>
        <IsAdvancedField>N</IsAdvancedField>
        <VFormat/>
        <AD_LabelStyle_ID reference="id"/>
        <AD_FieldStyle_ID reference="id"/>
        <Placeholder/>
    </AD_Field>
    <AD_Field type="table">
        <AD_Client_ID>0</AD_Client_ID>
        <AD_Org_ID>0</AD_Org_ID>
        <Name>Movement Date</Name>
        <Description>Date a product was moved in or out of inventory</Description>
        <Help>The Movement Date indicates the date that a product moved in or out of inventory.  This is the result of a shipment, receipt or inventory movement.</Help>
        <AD_Tab_ID reference="uuid" reference-key="AD_Tab">6ea56853-08a7-4809-8919-d104252b4ee7</AD_Tab_ID>
        <AD_Column_ID reference="uuid" reference-key="AD_Column">8b92d35d-3b89-474d-8afe-24796037d6c5</AD_Column_ID>
        <IsDisplayed>Y</IsDisplayed>
        <DisplayLogic/>
        <DisplayLength>7</DisplayLength>
        <SeqNo>10</SeqNo>
        <SortNo/>
        <IsSameLine>N</IsSameLine>
        <IsHeading>N</IsHeading>
        <IsFieldOnly>N</IsFieldOnly>
        <IsEncrypted>N</IsEncrypted>
        <IsActive>Y</IsActive>
        <IsReadOnly>N</IsReadOnly>
        <IsCentrallyMaintained>N</IsCentrallyMaintained>
        <AD_FieldGroup_ID reference="id"/>
        <EntityType>XX</EntityType>
        <ObscureType/>
        <AD_Reference_ID reference="id"/>
        <IsMandatory/>
        <DefaultValue/>
        <AD_Reference_Value_ID reference="id"/>
        <AD_Val_Rule_ID reference="id"/>
        <Included_Tab_ID reference="id"/>
        <AD_Field_UU>87f56ad7-9a31-4a78-aeed-7b8ec55ce2ef</AD_Field_UU>
        <IsAllowCopy/>
        <IsDisplayedGrid>Y</IsDisplayedGrid>
        <SeqNoGrid/>
        <XPosition>3</XPosition>
        <ColumnSpan>1</ColumnSpan>
        <NumLines>1</NumLines>
        <IsQuickEntry>N</IsQuickEntry>
        <IsUpdateable/>
        <IsAlwaysUpdateable/>
        <MandatoryLogic/>
        <ReadOnlyLogic/>
        <IsToolbarButton/>
        <IsDefaultFocus>N</IsDefaultFocus>
        <IsAdvancedField>N</IsAdvancedField>
        <VFormat/>
        <AD_LabelStyle_ID reference="id"/>
        <AD_FieldStyle_ID reference="id"/>
        <Placeholder/>
    </AD_Field>
    <AD_Field type="table">
        <AD_Client_ID>0</AD_Client_ID>
        <AD_Org_ID>0</AD_Org_ID>
        <Name>Movement Quantity</Name>
        <Description>Quantity of a product moved.</Description>
        <Help>The Movement Quantity indicates the quantity of a product that has been moved.</Help>
        <AD_Tab_ID reference="uuid" reference-key="AD_Tab">6ea56853-08a7-4809-8919-d104252b4ee7</AD_Tab_ID>
        <AD_Column_ID reference="uuid" reference-key="AD_Column">a77e7a0f-afb1-4b56-9775-6e36abf85370</AD_Column_ID>
        <IsDisplayed>Y</IsDisplayed>
        <DisplayLogic/>
        <DisplayLength>22</DisplayLength>
        <SeqNo>10</SeqNo>
        <SortNo/>
        <IsSameLine>N</IsSameLine>
        <IsHeading>N</IsHeading>
        <IsFieldOnly>N</IsFieldOnly>
        <IsEncrypted>N</IsEncrypted>
        <IsActive>Y</IsActive>
        <IsReadOnly>N</IsReadOnly>
        <IsCentrallyMaintained>N</IsCentrallyMaintained>
        <AD_FieldGroup_ID reference="id"/>
        <EntityType>XX</EntityType>
        <ObscureType/>
        <AD_Reference_ID reference="id"/>
        <IsMandatory/>
        <DefaultValue/>
        <AD_Reference_Value_ID reference="id"/>
        <AD_Val_Rule_ID reference="id"/>
        <Included_Tab_ID reference="id"/>
        <AD_Field_UU>d1c3515f-192d-4f14-8a84-1a057d9f8e56</AD_Field_UU>
        <IsAllowCopy/>
        <IsDisplayedGrid>Y</IsDisplayedGrid>
        <SeqNoGrid/>
        <XPosition>1</XPosition>
        <ColumnSpan>1</ColumnSpan>
        <NumLines>1</NumLines>
        <IsQuickEntry>N</IsQuickEntry>
        <IsUpdateable/>
        <IsAlwaysUpdateable/>
        <MandatoryLogic/>
        <ReadOnlyLogic/>
        <IsToolbarButton/>
        <IsDefaultFocus>N</IsDefaultFocus>
        <IsAdvancedField>N</IsAdvancedField>
        <VFormat/>
        <AD_LabelStyle_ID reference="id"/>
        <AD_FieldStyle_ID reference="id"/>
        <Placeholder/>
    </AD_Field>
    <AD_Field type="table">
        <AD_Client_ID>0</AD_Client_ID>
        <AD_Org_ID>0</AD_Org_ID>
        <Name>Price</Name>
        <Description>Price</Description>
        <Help>The Price indicates the Price for a product or service.</Help>
        <AD_Tab_ID reference="uuid" reference-key="AD_Tab">6ea56853-08a7-4809-8919-d104252b4ee7</AD_Tab_ID>
        <AD_Column_ID reference="uuid" reference-key="AD_Column">68a77455-0a9b-4eae-9044-ce4345cd01e8</AD_Column_ID>
        <IsDisplayed>Y</IsDisplayed>
        <DisplayLogic/>
        <DisplayLength>14</DisplayLength>
        <SeqNo>10</SeqNo>
        <SortNo/>
        <IsSameLine>N</IsSameLine>
        <IsHeading>N</IsHeading>
        <IsFieldOnly>N</IsFieldOnly>
        <IsEncrypted>N</IsEncrypted>
        <IsActive>Y</IsActive>
        <IsReadOnly>N</IsReadOnly>
        <IsCentrallyMaintained>N</IsCentrallyMaintained>
        <AD_FieldGroup_ID reference="id"/>
        <EntityType>XX</EntityType>
        <ObscureType/>
        <AD_Reference_ID reference="id"/>
        <IsMandatory/>
        <DefaultValue/>
        <AD_Reference_Value_ID reference="id"/>
        <AD_Val_Rule_ID reference="id"/>
        <Included_Tab_ID reference="id"/>
        <AD_Field_UU>e8fa15b2-0145-4314-93c4-bfce2e003763</AD_Field_UU>
        <IsAllowCopy/>
        <IsDisplayedGrid>Y</IsDisplayedGrid>
        <SeqNoGrid/>
        <XPosition>3</XPosition>
        <ColumnSpan>1</ColumnSpan>
        <NumLines>1</NumLines>
        <IsQuickEntry>N</IsQuickEntry>
        <IsUpdateable/>
        <IsAlwaysUpdateable/>
        <MandatoryLogic/>
        <ReadOnlyLogic/>
        <IsToolbarButton/>
        <IsDefaultFocus>N</IsDefaultFocus>
        <IsAdvancedField>N</IsAdvancedField>
        <VFormat/>
        <AD_LabelStyle_ID reference="id"/>
        <AD_FieldStyle_ID reference="id"/>
        <Placeholder/>
    </AD_Field>
    <AD_Field type="table">
        <AD_Client_ID>0</AD_Client_ID>
        <AD_Org_ID>0</AD_Org_ID>
        <Name>Active</Name>
        <Description>The record is active in the system</Description>
        <Help>There are two methods of making records unavailable in the system: One is to delete the record, the other is to de-activate the record. A de-activated record is not available for selection, but available for reports.
There are two reasons for de-activating and not deleting records:
(1) The system requires the record for audit purposes.
(2) The record is referenced by other records. E.g., you cannot delete a Business Partner, if there are invoices for this partner record existing. You de-activate the Business Partner and prevent that this record is used for future entries.</Help>
        <AD_Tab_ID reference="uuid" reference-key="AD_Tab">6ea56853-08a7-4809-8919-d104252b4ee7</AD_Tab_ID>
        <AD_Column_ID reference="uuid" reference-key="AD_Column">ceb6775f-ff7c-4d97-8dd3-cb37c0c70ce6</AD_Column_ID>
        <IsDisplayed>Y</IsDisplayed>
        <DisplayLogic/>
        <DisplayLength>1</DisplayLength>
        <SeqNo>10</SeqNo>
        <SortNo/>
        <IsSameLine>N</IsSameLine>
        <IsHeading>N</IsHeading>
        <IsFieldOnly>N</IsFieldOnly>
        <IsEncrypted>N</IsEncrypted>
        <IsActive>Y</IsActive>
        <IsReadOnly>N</IsReadOnly>
        <IsCentrallyMaintained>N</IsCentrallyMaintained>
        <AD_FieldGroup_ID reference="id"/>
        <EntityType>U</EntityType>
        <ObscureType/>
        <AD_Reference_ID reference="id"/>
        <IsMandatory/>
        <DefaultValue/>
        <AD_Reference_Value_ID reference="id"/>
        <AD_Val_Rule_ID reference="id"/>
        <Included_Tab_ID reference="id"/>
        <AD_Field_UU>fe16b027-17d4-4b4e-9dd3-bc1710fff0ed</AD_Field_UU>
        <IsAllowCopy/>
        <IsDisplayedGrid>Y</IsDisplayedGrid>
        <SeqNoGrid/>
        <XPosition>1</XPosition>
        <ColumnSpan>1</ColumnSpan>
        <NumLines>1</NumLines>
        <IsQuickEntry>N</IsQuickEntry>
        <IsUpdateable/>
        <IsAlwaysUpdateable/>
        <MandatoryLogic/>
        <ReadOnlyLogic/>
        <IsToolbarButton/>
        <IsDefaultFocus>N</IsDefaultFocus>
        <IsAdvancedField>N</IsAdvancedField>
        <VFormat/>
        <AD_LabelStyle_ID reference="id"/>
        <AD_FieldStyle_ID reference="id"/>
        <Placeholder/>
    </AD_Field>
    <AD_Field type="table">
        <AD_Client_ID>0</AD_Client_ID>
        <AD_Org_ID>0</AD_Org_ID>
        <Name>Product</Name>
        <Description>Product, Service, Item</Description>
        <Help>Identifies an item which is either purchased or sold in this organization.</Help>
        <AD_Tab_ID reference="uuid" reference-key="AD_Tab">6ea56853-08a7-4809-8919-d104252b4ee7</AD_Tab_ID>
        <AD_Column_ID reference="uuid" reference-key="AD_Column">54dac785-4ae2-4b01-a17b-984fba020a1d</AD_Column_ID>
        <IsDisplayed>Y</IsDisplayed>
        <DisplayLogic/>
        <DisplayLength>22</DisplayLength>
        <SeqNo>10</SeqNo>
        <SortNo/>
        <IsSameLine>N</IsSameLine>
        <IsHeading>N</IsHeading>
        <IsFieldOnly>N</IsFieldOnly>
        <IsEncrypted>N</IsEncrypted>
        <IsActive>Y</IsActive>
        <IsReadOnly>N</IsReadOnly>
        <IsCentrallyMaintained>N</IsCentrallyMaintained>
        <AD_FieldGroup_ID reference="id"/>
        <EntityType>XX</EntityType>
        <ObscureType/>
        <AD_Reference_ID reference="id"/>
        <IsMandatory/>
        <DefaultValue/>
        <AD_Reference_Value_ID reference="id"/>
        <AD_Val_Rule_ID reference="id"/>
        <Included_Tab_ID reference="id"/>
        <AD_Field_UU>689ecf8c-f883-4ce5-a16d-db2fd204c762</AD_Field_UU>
        <IsAllowCopy/>
        <IsDisplayedGrid>Y</IsDisplayedGrid>
        <SeqNoGrid/>
        <XPosition>1</XPosition>
        <ColumnSpan>1</ColumnSpan>
        <NumLines>1</NumLines>
        <IsQuickEntry>N</IsQuickEntry>
        <IsUpdateable/>
        <IsAlwaysUpdateable/>
        <MandatoryLogic/>
        <ReadOnlyLogic/>
        <IsToolbarButton/>
        <IsDefaultFocus>N</IsDefaultFocus>
        <IsAdvancedField>N</IsAdvancedField>
        <VFormat/>
        <AD_LabelStyle_ID reference="id"/>
        <AD_FieldStyle_ID reference="id"/>
        <Placeholder/>
    </AD_Field>
    <AD_Field type="table">
        <AD_Client_ID>0</AD_Client_ID>
        <AD_Org_ID>0</AD_Org_ID>
        <Name>Handling Unit</Name>
        <Description/>
        <Help/>
        <AD_Tab_ID reference="uuid" reference-key="AD_Tab">6ea56853-08a7-4809-8919-d104252b4ee7</AD_Tab_ID>
        <AD_Column_ID reference="uuid" reference-key="AD_Column">1a20bc6b-2065-4407-bfde-e7d0cb0287ee</AD_Column_ID>
        <IsDisplayed>Y</IsDisplayed>
        <DisplayLogic/>
        <DisplayLength>22</DisplayLength>
        <SeqNo>10</SeqNo>
        <SortNo/>
        <IsSameLine>N</IsSameLine>
        <IsHeading>N</IsHeading>
        <IsFieldOnly>N</IsFieldOnly>
        <IsEncrypted>N</IsEncrypted>
        <IsActive>Y</IsActive>
        <IsReadOnly>N</IsReadOnly>
        <IsCentrallyMaintained>N</IsCentrallyMaintained>
        <AD_FieldGroup_ID reference="id"/>
        <EntityType>XX</EntityType>
        <ObscureType/>
        <AD_Reference_ID reference="id"/>
        <IsMandatory/>
        <DefaultValue/>
        <AD_Reference_Value_ID reference="id"/>
        <AD_Val_Rule_ID reference="id"/>
        <Included_Tab_ID reference="id"/>
        <AD_Field_UU>f878b457-6acb-4a52-9b74-e4c73487b745</AD_Field_UU>
        <IsAllowCopy/>
        <IsDisplayedGrid>Y</IsDisplayedGrid>
        <SeqNoGrid/>
        <XPosition>3</XPosition>
        <ColumnSpan>1</ColumnSpan>
        <NumLines>1</NumLines>
        <IsQuickEntry>N</IsQuickEntry>
        <IsUpdateable/>
        <IsAlwaysUpdateable/>
        <MandatoryLogic/>
        <ReadOnlyLogic/>
        <IsToolbarButton/>
        <IsDefaultFocus>N</IsDefaultFocus>
        <IsAdvancedField>N</IsAdvancedField>
        <VFormat/>
        <AD_LabelStyle_ID reference="id"/>
        <AD_FieldStyle_ID reference="id"/>
        <Placeholder/>
    </AD_Field>
</idempiere>
