<?xml version="1.0" encoding="UTF-8"?><idempiere Name="WMS2" Version="1" idempiereVersion="" DataBaseVersion="" Description="" Author="" AuthorEmail="" CreatedDate="2018-03-14 11:42:19.589" UpdatedDate="2018-03-14 11:42:19.589" PackOutVersion="100" UpdateDictionary="false" Client="0-SYSTEM-System" AD_Client_UU="11237b53-9592-4af1-b3c5-afd216514b5d">
    <AD_Menu type="table">
        <SeqNo>999</SeqNo>
        <AD_Client_ID>0</AD_Client_ID>
        <AD_Org_ID>0</AD_Org_ID>
        <Name>WMS Migration</Name>
        <Description/>
        <Action/>
        <AD_Window_ID reference="id"/>
        <AD_Workflow_ID reference="id"/>
        <AD_Task_ID reference="id"/>
        <IsActive>Y</IsActive>
        <IsSummary>Y</IsSummary>
        <AD_Process_ID reference="id"/>
        <IsSOTrx>N</IsSOTrx>
        <AD_Form_ID reference="id"/>
        <IsReadOnly>N</IsReadOnly>
        <EntityType>U</EntityType>
        <IsCentrallyMaintained>N</IsCentrallyMaintained>
        <AD_Menu_UU>0e7a15d9-d464-450a-b6b0-5d61edabd979</AD_Menu_UU>
        <AD_InfoWindow_ID reference="id"/>
        <AD_Menu type="table">
            <Parent_ID reference="uuid" reference-key="AD_Menu">0e7a15d9-d464-450a-b6b0-5d61edabd979</Parent_ID>
            <SeqNo>999</SeqNo>
            <AD_Client_ID>0</AD_Client_ID>
            <AD_Org_ID>0</AD_Org_ID>
            <Name>Migration Table</Name>
            <Description/>
            <Action>W</Action>
            <AD_Window_ID reference="uuid" reference-key="AD_Window">e2439c20-761c-48f3-9331-3531c8e88f6a</AD_Window_ID>
            <AD_Workflow_ID reference="id"/>
            <AD_Task_ID reference="id"/>
            <IsActive>Y</IsActive>
            <IsSummary>N</IsSummary>
            <AD_Process_ID reference="id"/>
            <IsSOTrx>N</IsSOTrx>
            <AD_Form_ID reference="id"/>
            <IsReadOnly>N</IsReadOnly>
            <EntityType>U</EntityType>
            <IsCentrallyMaintained>Y</IsCentrallyMaintained>
            <AD_Menu_UU>2fe147ce-60db-470b-be2b-a8ca2997dcd7</AD_Menu_UU>
            <AD_InfoWindow_ID reference="id"/>
            <AD_Window type="table">
                <AD_Client_ID>0</AD_Client_ID>
                <AD_Org_ID>0</AD_Org_ID>
                <Name>Migration</Name>
                <Description/>
                <Help/>
                <IsActive>Y</IsActive>
                <WindowType>M</WindowType>
                <Processing>N</Processing>
                <AD_Color_ID reference="id"/>
                <AD_Image_ID reference="id"/>
                <EntityType>U</EntityType>
                <IsSOTrx>Y</IsSOTrx>
                <IsDefault>N</IsDefault>
                <WinHeight/>
                <WinWidth/>
                <IsBetaFunctionality>N</IsBetaFunctionality>
                <AD_Window_UU>e2439c20-761c-48f3-9331-3531c8e88f6a</AD_Window_UU>
                <TitleLogic/>
                <AD_Table type="table">
                    <AD_Client_ID>0</AD_Client_ID>
                    <AD_Org_ID>0</AD_Org_ID>
                    <Name>Migration</Name>
                    <Description/>
                    <Help/>
                    <AD_Window_ID reference="uuid" reference-key="AD_Window">e2439c20-761c-48f3-9331-3531c8e88f6a</AD_Window_ID>
                    <AD_Val_Rule_ID reference="id"/>
                    <TableName>WM_Migration</TableName>
                    <LoadSeq/>
                    <AccessLevel>3</AccessLevel>
                    <IsActive>Y</IsActive>
                    <IsSecurityEnabled>N</IsSecurityEnabled>
                    <IsDeleteable>Y</IsDeleteable>
                    <IsHighVolume>N</IsHighVolume>
                    <IsView>N</IsView>
                    <EntityType>U</EntityType>
                    <ImportTable/>
                    <IsChangeLog>N</IsChangeLog>
                    <ReplicationType>L</ReplicationType>
                    <PO_Window_ID reference="id"/>
                    <CopyColumnsFromTable/>
                    <IsCentrallyMaintained>Y</IsCentrallyMaintained>
                    <AD_Table_UU>0d3b35ff-1744-42ab-a7bf-c37b07568716</AD_Table_UU>
                    <Processing>N</Processing>
                    <DatabaseViewDrop/>
                    <CopyComponentsFromView/>
                    <AD_Element type="table">
                        <AD_Client_ID>0</AD_Client_ID>
                        <AD_Org_ID>0</AD_Org_ID>
                        <IsActive>Y</IsActive>
                        <ColumnName>WM_Migration_ID</ColumnName>
                        <Name>Migration</Name>
                        <Description/>
                        <Help/>
                        <PrintName>Migration</PrintName>
                        <PO_Description/>
                        <PO_Help/>
                        <PO_Name/>
                        <PO_PrintName/>
                        <EntityType>U</EntityType>
                        <AD_Element_UU>7e9a6572-d9d7-4fcc-b548-db3c2fe4af52</AD_Element_UU>
                    </AD_Element>
                    <AD_Column type="table">
                        <IsSyncDatabase>Y</IsSyncDatabase>
                        <AD_Table_ID reference="uuid" reference-key="AD_Table">0d3b35ff-1744-42ab-a7bf-c37b07568716</AD_Table_ID>
                        <AD_Reference_Value_ID reference="id"/>
                        <AD_Client_ID>0</AD_Client_ID>
                        <AD_Org_ID>0</AD_Org_ID>
                        <Version>0.0</Version>
                        <Name>Migration</Name>
                        <Description/>
                        <Help/>
                        <AD_Val_Rule_ID reference="id"/>
                        <ColumnName>WM_Migration_ID</ColumnName>
                        <DefaultValue/>
                        <FieldLength>22</FieldLength>
                        <IsKey>Y</IsKey>
                        <IsParent>N</IsParent>
                        <IsMandatory>Y</IsMandatory>
                        <IsTranslated>N</IsTranslated>
                        <IsIdentifier>N</IsIdentifier>
                        <SeqNo/>
                        <IsEncrypted>N</IsEncrypted>
                        <AD_Reference_ID reference="id">13</AD_Reference_ID>
                        <IsActive>Y</IsActive>
                        <VFormat/>
                        <Callout/>
                        <AD_Element_ID reference="uuid" reference-key="AD_Element">7e9a6572-d9d7-4fcc-b548-db3c2fe4af52</AD_Element_ID>
                        <IsUpdateable>N</IsUpdateable>
                        <AD_Process_ID reference="id"/>
                        <ValueMin/>
                        <ValueMax/>
                        <IsSelectionColumn>N</IsSelectionColumn>
                        <ReadOnlyLogic/>
                        <EntityType>XX</EntityType>
                        <IsAlwaysUpdateable>N</IsAlwaysUpdateable>
                        <ColumnSQL/>
                        <MandatoryLogic/>
                        <IsAutocomplete>N</IsAutocomplete>
                        <IsAllowLogging>Y</IsAllowLogging>
                        <FormatPattern/>
                        <AD_Chart_ID reference="id"/>
                        <AD_Column_UU>894c8fdb-e40e-40bc-8cd3-275caa3bcb49</AD_Column_UU>
                        <IsAllowCopy>Y</IsAllowCopy>
                        <SeqNoSelection/>
                        <IsToolbarButton>N</IsToolbarButton>
                        <IsSecure>N</IsSecure>
                        <FKConstraintName/>
                        <FKConstraintType>N</FKConstraintType>
                        <PA_DashboardContent_ID reference="id"/>
                    </AD_Column>
                    <AD_Column type="table">
                        <IsSyncDatabase>Y</IsSyncDatabase>
                        <AD_Table_ID reference="uuid" reference-key="AD_Table">0d3b35ff-1744-42ab-a7bf-c37b07568716</AD_Table_ID>
                        <AD_Reference_Value_ID reference="id"/>
                        <AD_Client_ID>0</AD_Client_ID>
                        <AD_Org_ID>0</AD_Org_ID>
                        <Version>1</Version>
                        <Name>Organization</Name>
                        <Description/>
                        <Help/>
                        <AD_Val_Rule_ID reference="id">104</AD_Val_Rule_ID>
                        <ColumnName>AD_Org_ID</ColumnName>
                        <DefaultValue>@#AD_Org_ID@</DefaultValue>
                        <FieldLength>22</FieldLength>
                        <IsKey>N</IsKey>
                        <IsParent>N</IsParent>
                        <IsMandatory>Y</IsMandatory>
                        <IsTranslated>N</IsTranslated>
                        <IsIdentifier>N</IsIdentifier>
                        <SeqNo/>
                        <IsEncrypted>N</IsEncrypted>
                        <AD_Reference_ID reference="id">19</AD_Reference_ID>
                        <IsActive>Y</IsActive>
                        <VFormat/>
                        <Callout/>
                        <AD_Element_ID reference="id">113</AD_Element_ID>
                        <IsUpdateable>N</IsUpdateable>
                        <AD_Process_ID reference="id"/>
                        <ValueMin/>
                        <ValueMax/>
                        <IsSelectionColumn>N</IsSelectionColumn>
                        <ReadOnlyLogic/>
                        <EntityType>U</EntityType>
                        <IsAlwaysUpdateable>N</IsAlwaysUpdateable>
                        <ColumnSQL/>
                        <MandatoryLogic/>
                        <IsAutocomplete>N</IsAutocomplete>
                        <IsAllowLogging>Y</IsAllowLogging>
                        <FormatPattern/>
                        <AD_Chart_ID reference="id"/>
                        <AD_Column_UU>a871fd3d-a711-458f-ba34-fd04bae39702</AD_Column_UU>
                        <IsAllowCopy>N</IsAllowCopy>
                        <SeqNoSelection/>
                        <IsToolbarButton>N</IsToolbarButton>
                        <IsSecure>N</IsSecure>
                        <FKConstraintName/>
                        <FKConstraintType>N</FKConstraintType>
                        <PA_DashboardContent_ID reference="id"/>
                    </AD_Column>
                    <AD_Column type="table">
                        <IsSyncDatabase>Y</IsSyncDatabase>
                        <AD_Table_ID reference="uuid" reference-key="AD_Table">0d3b35ff-1744-42ab-a7bf-c37b07568716</AD_Table_ID>
                        <AD_Reference_Value_ID reference="id"/>
                        <AD_Client_ID>0</AD_Client_ID>
                        <AD_Org_ID>0</AD_Org_ID>
                        <Version>1</Version>
                        <Name>Updated</Name>
                        <Description/>
                        <Help/>
                        <AD_Val_Rule_ID reference="id"/>
                        <ColumnName>Updated</ColumnName>
                        <DefaultValue>SYSDATE</DefaultValue>
                        <FieldLength>7</FieldLength>
                        <IsKey>N</IsKey>
                        <IsParent>N</IsParent>
                        <IsMandatory>Y</IsMandatory>
                        <IsTranslated>N</IsTranslated>
                        <IsIdentifier>N</IsIdentifier>
                        <SeqNo/>
                        <IsEncrypted>N</IsEncrypted>
                        <AD_Reference_ID reference="id">16</AD_Reference_ID>
                        <IsActive>Y</IsActive>
                        <VFormat/>
                        <Callout/>
                        <AD_Element_ID reference="id">607</AD_Element_ID>
                        <IsUpdateable>N</IsUpdateable>
                        <AD_Process_ID reference="id"/>
                        <ValueMin/>
                        <ValueMax/>
                        <IsSelectionColumn>N</IsSelectionColumn>
                        <ReadOnlyLogic/>
                        <EntityType>U</EntityType>
                        <IsAlwaysUpdateable>N</IsAlwaysUpdateable>
                        <ColumnSQL/>
                        <MandatoryLogic/>
                        <IsAutocomplete>N</IsAutocomplete>
                        <IsAllowLogging>Y</IsAllowLogging>
                        <FormatPattern/>
                        <AD_Chart_ID reference="id"/>
                        <AD_Column_UU>34c03ea7-b855-473b-b7ca-ae9a58e51be0</AD_Column_UU>
                        <IsAllowCopy>N</IsAllowCopy>
                        <SeqNoSelection/>
                        <IsToolbarButton>N</IsToolbarButton>
                        <IsSecure>N</IsSecure>
                        <FKConstraintName/>
                        <FKConstraintType>N</FKConstraintType>
                        <PA_DashboardContent_ID reference="id"/>
                    </AD_Column>
                    <AD_Column type="table">
                        <IsSyncDatabase>Y</IsSyncDatabase>
                        <AD_Table_ID reference="uuid" reference-key="AD_Table">0d3b35ff-1744-42ab-a7bf-c37b07568716</AD_Table_ID>
                        <AD_Reference_Value_ID reference="id"/>
                        <AD_Client_ID>0</AD_Client_ID>
                        <AD_Org_ID>0</AD_Org_ID>
                        <Version>1</Version>
                        <Name>Active</Name>
                        <Description/>
                        <Help/>
                        <AD_Val_Rule_ID reference="id"/>
                        <ColumnName>IsActive</ColumnName>
                        <DefaultValue>Y</DefaultValue>
                        <FieldLength>1</FieldLength>
                        <IsKey>N</IsKey>
                        <IsParent>N</IsParent>
                        <IsMandatory>Y</IsMandatory>
                        <IsTranslated>N</IsTranslated>
                        <IsIdentifier>N</IsIdentifier>
                        <SeqNo/>
                        <IsEncrypted>N</IsEncrypted>
                        <AD_Reference_ID reference="id">20</AD_Reference_ID>
                        <IsActive>Y</IsActive>
                        <VFormat/>
                        <Callout/>
                        <AD_Element_ID reference="id">348</AD_Element_ID>
                        <IsUpdateable>Y</IsUpdateable>
                        <AD_Process_ID reference="id"/>
                        <ValueMin/>
                        <ValueMax/>
                        <IsSelectionColumn>N</IsSelectionColumn>
                        <ReadOnlyLogic/>
                        <EntityType>U</EntityType>
                        <IsAlwaysUpdateable>N</IsAlwaysUpdateable>
                        <ColumnSQL/>
                        <MandatoryLogic/>
                        <IsAutocomplete>N</IsAutocomplete>
                        <IsAllowLogging>Y</IsAllowLogging>
                        <FormatPattern/>
                        <AD_Chart_ID reference="id"/>
                        <AD_Column_UU>ceb6775f-ff7c-4d97-8dd3-cb37c0c70ce6</AD_Column_UU>
                        <IsAllowCopy>N</IsAllowCopy>
                        <SeqNoSelection/>
                        <IsToolbarButton>N</IsToolbarButton>
                        <IsSecure>N</IsSecure>
                        <FKConstraintName/>
                        <FKConstraintType>N</FKConstraintType>
                        <PA_DashboardContent_ID reference="id"/>
                    </AD_Column>
                    <AD_Column type="table">
                        <IsSyncDatabase>Y</IsSyncDatabase>
                        <AD_Table_ID reference="uuid" reference-key="AD_Table">0d3b35ff-1744-42ab-a7bf-c37b07568716</AD_Table_ID>
                        <AD_Reference_Value_ID reference="id"/>
                        <AD_Client_ID>0</AD_Client_ID>
                        <AD_Org_ID>0</AD_Org_ID>
                        <Version>1</Version>
                        <Name>Client</Name>
                        <Description/>
                        <Help/>
                        <AD_Val_Rule_ID reference="id">129</AD_Val_Rule_ID>
                        <ColumnName>AD_Client_ID</ColumnName>
                        <DefaultValue>@#AD_Client_ID@</DefaultValue>
                        <FieldLength>22</FieldLength>
                        <IsKey>N</IsKey>
                        <IsParent>N</IsParent>
                        <IsMandatory>Y</IsMandatory>
                        <IsTranslated>N</IsTranslated>
                        <IsIdentifier>N</IsIdentifier>
                        <SeqNo/>
                        <IsEncrypted>N</IsEncrypted>
                        <AD_Reference_ID reference="id">19</AD_Reference_ID>
                        <IsActive>Y</IsActive>
                        <VFormat/>
                        <Callout/>
                        <AD_Element_ID reference="id">102</AD_Element_ID>
                        <IsUpdateable>N</IsUpdateable>
                        <AD_Process_ID reference="id"/>
                        <ValueMin/>
                        <ValueMax/>
                        <IsSelectionColumn>N</IsSelectionColumn>
                        <ReadOnlyLogic/>
                        <EntityType>U</EntityType>
                        <IsAlwaysUpdateable>N</IsAlwaysUpdateable>
                        <ColumnSQL/>
                        <MandatoryLogic/>
                        <IsAutocomplete>N</IsAutocomplete>
                        <IsAllowLogging>Y</IsAllowLogging>
                        <FormatPattern/>
                        <AD_Chart_ID reference="id"/>
                        <AD_Column_UU>406e734f-07b6-457d-9c78-3962a644bf2f</AD_Column_UU>
                        <IsAllowCopy>N</IsAllowCopy>
                        <SeqNoSelection/>
                        <IsToolbarButton>N</IsToolbarButton>
                        <IsSecure>N</IsSecure>
                        <FKConstraintName/>
                        <FKConstraintType>N</FKConstraintType>
                        <PA_DashboardContent_ID reference="id"/>
                    </AD_Column>
                    <AD_Column type="table">
                        <IsSyncDatabase>Y</IsSyncDatabase>
                        <AD_Table_ID reference="uuid" reference-key="AD_Table">0d3b35ff-1744-42ab-a7bf-c37b07568716</AD_Table_ID>
                        <AD_Reference_Value_ID reference="id"/>
                        <AD_Client_ID>0</AD_Client_ID>
                        <AD_Org_ID>0</AD_Org_ID>
                        <Version>1</Version>
                        <Name>Created</Name>
                        <Description/>
                        <Help/>
                        <AD_Val_Rule_ID reference="id"/>
                        <ColumnName>Created</ColumnName>
                        <DefaultValue>SYSDATE</DefaultValue>
                        <FieldLength>7</FieldLength>
                        <IsKey>N</IsKey>
                        <IsParent>N</IsParent>
                        <IsMandatory>Y</IsMandatory>
                        <IsTranslated>N</IsTranslated>
                        <IsIdentifier>N</IsIdentifier>
                        <SeqNo/>
                        <IsEncrypted>N</IsEncrypted>
                        <AD_Reference_ID reference="id">16</AD_Reference_ID>
                        <IsActive>Y</IsActive>
                        <VFormat/>
                        <Callout/>
                        <AD_Element_ID reference="id">245</AD_Element_ID>
                        <IsUpdateable>N</IsUpdateable>
                        <AD_Process_ID reference="id"/>
                        <ValueMin/>
                        <ValueMax/>
                        <IsSelectionColumn>N</IsSelectionColumn>
                        <ReadOnlyLogic/>
                        <EntityType>U</EntityType>
                        <IsAlwaysUpdateable>N</IsAlwaysUpdateable>
                        <ColumnSQL/>
                        <MandatoryLogic/>
                        <IsAutocomplete>N</IsAutocomplete>
                        <IsAllowLogging>Y</IsAllowLogging>
                        <FormatPattern/>
                        <AD_Chart_ID reference="id"/>
                        <AD_Column_UU>51bbde48-1639-428d-b95d-fbb1eca0f816</AD_Column_UU>
                        <IsAllowCopy>N</IsAllowCopy>
                        <SeqNoSelection/>
                        <IsToolbarButton>N</IsToolbarButton>
                        <IsSecure>N</IsSecure>
                        <FKConstraintName/>
                        <FKConstraintType>N</FKConstraintType>
                        <PA_DashboardContent_ID reference="id"/>
                    </AD_Column>
                    <AD_Column type="table">
                        <IsSyncDatabase>Y</IsSyncDatabase>
                        <AD_Table_ID reference="uuid" reference-key="AD_Table">0d3b35ff-1744-42ab-a7bf-c37b07568716</AD_Table_ID>
                        <AD_Reference_Value_ID reference="id">110</AD_Reference_Value_ID>
                        <AD_Client_ID>0</AD_Client_ID>
                        <AD_Org_ID>0</AD_Org_ID>
                        <Version>1</Version>
                        <Name>Created By</Name>
                        <Description/>
                        <Help/>
                        <AD_Val_Rule_ID reference="id"/>
                        <ColumnName>CreatedBy</ColumnName>
                        <DefaultValue/>
                        <FieldLength>22</FieldLength>
                        <IsKey>N</IsKey>
                        <IsParent>N</IsParent>
                        <IsMandatory>Y</IsMandatory>
                        <IsTranslated>N</IsTranslated>
                        <IsIdentifier>N</IsIdentifier>
                        <SeqNo/>
                        <IsEncrypted>N</IsEncrypted>
                        <AD_Reference_ID reference="id">18</AD_Reference_ID>
                        <IsActive>Y</IsActive>
                        <VFormat/>
                        <Callout/>
                        <AD_Element_ID reference="id">246</AD_Element_ID>
                        <IsUpdateable>N</IsUpdateable>
                        <AD_Process_ID reference="id"/>
                        <ValueMin/>
                        <ValueMax/>
                        <IsSelectionColumn>N</IsSelectionColumn>
                        <ReadOnlyLogic/>
                        <EntityType>U</EntityType>
                        <IsAlwaysUpdateable>N</IsAlwaysUpdateable>
                        <ColumnSQL/>
                        <MandatoryLogic/>
                        <IsAutocomplete>N</IsAutocomplete>
                        <IsAllowLogging>Y</IsAllowLogging>
                        <FormatPattern/>
                        <AD_Chart_ID reference="id"/>
                        <AD_Column_UU>bb213c3b-987f-4ebd-8a60-174ac8cfa085</AD_Column_UU>
                        <IsAllowCopy>N</IsAllowCopy>
                        <SeqNoSelection/>
                        <IsToolbarButton>N</IsToolbarButton>
                        <IsSecure>N</IsSecure>
                        <FKConstraintName/>
                        <FKConstraintType>D</FKConstraintType>
                        <PA_DashboardContent_ID reference="id"/>
                    </AD_Column>
                    <AD_Column type="table">
                        <IsSyncDatabase>Y</IsSyncDatabase>
                        <AD_Table_ID reference="uuid" reference-key="AD_Table">0d3b35ff-1744-42ab-a7bf-c37b07568716</AD_Table_ID>
                        <AD_Reference_Value_ID reference="id">110</AD_Reference_Value_ID>
                        <AD_Client_ID>0</AD_Client_ID>
                        <AD_Org_ID>0</AD_Org_ID>
                        <Version>1</Version>
                        <Name>Updated By</Name>
                        <Description/>
                        <Help/>
                        <AD_Val_Rule_ID reference="id"/>
                        <ColumnName>UpdatedBy</ColumnName>
                        <DefaultValue/>
                        <FieldLength>22</FieldLength>
                        <IsKey>N</IsKey>
                        <IsParent>N</IsParent>
                        <IsMandatory>Y</IsMandatory>
                        <IsTranslated>N</IsTranslated>
                        <IsIdentifier>N</IsIdentifier>
                        <SeqNo/>
                        <IsEncrypted>N</IsEncrypted>
                        <AD_Reference_ID reference="id">18</AD_Reference_ID>
                        <IsActive>Y</IsActive>
                        <VFormat/>
                        <Callout/>
                        <AD_Element_ID reference="id">608</AD_Element_ID>
                        <IsUpdateable>N</IsUpdateable>
                        <AD_Process_ID reference="id"/>
                        <ValueMin/>
                        <ValueMax/>
                        <IsSelectionColumn>N</IsSelectionColumn>
                        <ReadOnlyLogic/>
                        <EntityType>U</EntityType>
                        <IsAlwaysUpdateable>N</IsAlwaysUpdateable>
                        <ColumnSQL/>
                        <MandatoryLogic/>
                        <IsAutocomplete>N</IsAutocomplete>
                        <IsAllowLogging>Y</IsAllowLogging>
                        <FormatPattern/>
                        <AD_Chart_ID reference="id"/>
                        <AD_Column_UU>88a4d679-2190-4e9e-a6dd-f9036277250a</AD_Column_UU>
                        <IsAllowCopy>N</IsAllowCopy>
                        <SeqNoSelection/>
                        <IsToolbarButton>N</IsToolbarButton>
                        <IsSecure>N</IsSecure>
                        <FKConstraintName/>
                        <FKConstraintType>D</FKConstraintType>
                        <PA_DashboardContent_ID reference="id"/>
                    </AD_Column>
                    <AD_Column type="table">
                        <IsSyncDatabase>Y</IsSyncDatabase>
                        <AD_Table_ID reference="uuid" reference-key="AD_Table">0d3b35ff-1744-42ab-a7bf-c37b07568716</AD_Table_ID>
                        <AD_Reference_Value_ID reference="id"/>
                        <AD_Client_ID>0</AD_Client_ID>
                        <AD_Org_ID>0</AD_Org_ID>
                        <Version>0.0</Version>
                        <Name>Product</Name>
                        <Description>Product, Service, Item</Description>
                        <Help>Identifies an item which is either purchased or sold in this organization.</Help>
                        <AD_Val_Rule_ID reference="id">231</AD_Val_Rule_ID>
                        <ColumnName>M_Product_ID</ColumnName>
                        <DefaultValue/>
                        <FieldLength>22</FieldLength>
                        <IsKey>N</IsKey>
                        <IsParent>N</IsParent>
                        <IsMandatory>N</IsMandatory>
                        <IsTranslated>N</IsTranslated>
                        <IsIdentifier>N</IsIdentifier>
                        <SeqNo/>
                        <IsEncrypted>N</IsEncrypted>
                        <AD_Reference_ID reference="id">30</AD_Reference_ID>
                        <IsActive>Y</IsActive>
                        <VFormat/>
                        <Callout/>
                        <AD_Element_ID reference="id">454</AD_Element_ID>
                        <IsUpdateable>Y</IsUpdateable>
                        <AD_Process_ID reference="id"/>
                        <ValueMin/>
                        <ValueMax/>
                        <IsSelectionColumn>N</IsSelectionColumn>
                        <ReadOnlyLogic/>
                        <EntityType>XX</EntityType>
                        <IsAlwaysUpdateable>N</IsAlwaysUpdateable>
                        <ColumnSQL/>
                        <MandatoryLogic/>
                        <IsAutocomplete>N</IsAutocomplete>
                        <IsAllowLogging>Y</IsAllowLogging>
                        <FormatPattern/>
                        <AD_Chart_ID reference="id"/>
                        <AD_Column_UU>54dac785-4ae2-4b01-a17b-984fba020a1d</AD_Column_UU>
                        <IsAllowCopy>Y</IsAllowCopy>
                        <SeqNoSelection/>
                        <IsToolbarButton>N</IsToolbarButton>
                        <IsSecure>N</IsSecure>
                        <FKConstraintName/>
                        <FKConstraintType>N</FKConstraintType>
                        <PA_DashboardContent_ID reference="id"/>
                    </AD_Column>
                    <AD_Column type="table">
                        <IsSyncDatabase>Y</IsSyncDatabase>
                        <AD_Table_ID reference="uuid" reference-key="AD_Table">0d3b35ff-1744-42ab-a7bf-c37b07568716</AD_Table_ID>
                        <AD_Reference_Value_ID reference="id"/>
                        <AD_Client_ID>0</AD_Client_ID>
                        <AD_Org_ID>0</AD_Org_ID>
                        <Version>0.0</Version>
                        <Name>Movement Quantity</Name>
                        <Description>Quantity of a product moved.</Description>
                        <Help>The Movement Quantity indicates the quantity of a product that has been moved.</Help>
                        <AD_Val_Rule_ID reference="id"/>
                        <ColumnName>MovementQty</ColumnName>
                        <DefaultValue/>
                        <FieldLength>22</FieldLength>
                        <IsKey>N</IsKey>
                        <IsParent>N</IsParent>
                        <IsMandatory>N</IsMandatory>
                        <IsTranslated>N</IsTranslated>
                        <IsIdentifier>N</IsIdentifier>
                        <SeqNo/>
                        <IsEncrypted>N</IsEncrypted>
                        <AD_Reference_ID reference="id">29</AD_Reference_ID>
                        <IsActive>Y</IsActive>
                        <VFormat/>
                        <Callout/>
                        <AD_Element_ID reference="id">1038</AD_Element_ID>
                        <IsUpdateable>Y</IsUpdateable>
                        <AD_Process_ID reference="id"/>
                        <ValueMin/>
                        <ValueMax/>
                        <IsSelectionColumn>N</IsSelectionColumn>
                        <ReadOnlyLogic/>
                        <EntityType>XX</EntityType>
                        <IsAlwaysUpdateable>N</IsAlwaysUpdateable>
                        <ColumnSQL/>
                        <MandatoryLogic/>
                        <IsAutocomplete>N</IsAutocomplete>
                        <IsAllowLogging>Y</IsAllowLogging>
                        <FormatPattern/>
                        <AD_Chart_ID reference="id"/>
                        <AD_Column_UU>a77e7a0f-afb1-4b56-9775-6e36abf85370</AD_Column_UU>
                        <IsAllowCopy>Y</IsAllowCopy>
                        <SeqNoSelection/>
                        <IsToolbarButton>N</IsToolbarButton>
                        <IsSecure>N</IsSecure>
                        <FKConstraintName/>
                        <FKConstraintType>N</FKConstraintType>
                        <PA_DashboardContent_ID reference="id"/>
                    </AD_Column>
                    <AD_Column type="table">
                        <IsSyncDatabase>Y</IsSyncDatabase>
                        <AD_Table_ID reference="uuid" reference-key="AD_Table">0d3b35ff-1744-42ab-a7bf-c37b07568716</AD_Table_ID>
                        <AD_Reference_Value_ID reference="id"/>
                        <AD_Client_ID>0</AD_Client_ID>
                        <AD_Org_ID>0</AD_Org_ID>
                        <Version>0.0</Version>
                        <Name>Price</Name>
                        <Description>Price</Description>
                        <Help>The Price indicates the Price for a product or service.</Help>
                        <AD_Val_Rule_ID reference="id"/>
                        <ColumnName>Price</ColumnName>
                        <DefaultValue/>
                        <FieldLength>14</FieldLength>
                        <IsKey>N</IsKey>
                        <IsParent>N</IsParent>
                        <IsMandatory>N</IsMandatory>
                        <IsTranslated>N</IsTranslated>
                        <IsIdentifier>N</IsIdentifier>
                        <SeqNo/>
                        <IsEncrypted>N</IsEncrypted>
                        <AD_Reference_ID reference="id">37</AD_Reference_ID>
                        <IsActive>Y</IsActive>
                        <VFormat/>
                        <Callout/>
                        <AD_Element_ID reference="id">1416</AD_Element_ID>
                        <IsUpdateable>Y</IsUpdateable>
                        <AD_Process_ID reference="id"/>
                        <ValueMin/>
                        <ValueMax/>
                        <IsSelectionColumn>N</IsSelectionColumn>
                        <ReadOnlyLogic/>
                        <EntityType>XX</EntityType>
                        <IsAlwaysUpdateable>N</IsAlwaysUpdateable>
                        <ColumnSQL/>
                        <MandatoryLogic/>
                        <IsAutocomplete>N</IsAutocomplete>
                        <IsAllowLogging>Y</IsAllowLogging>
                        <FormatPattern/>
                        <AD_Chart_ID reference="id"/>
                        <AD_Column_UU>68a77455-0a9b-4eae-9044-ce4345cd01e8</AD_Column_UU>
                        <IsAllowCopy>Y</IsAllowCopy>
                        <SeqNoSelection/>
                        <IsToolbarButton>N</IsToolbarButton>
                        <IsSecure>N</IsSecure>
                        <FKConstraintName/>
                        <FKConstraintType>N</FKConstraintType>
                        <PA_DashboardContent_ID reference="id"/>
                    </AD_Column>
                    <AD_Column type="table">
                        <IsSyncDatabase>Y</IsSyncDatabase>
                        <AD_Table_ID reference="uuid" reference-key="AD_Table">0d3b35ff-1744-42ab-a7bf-c37b07568716</AD_Table_ID>
                        <AD_Reference_Value_ID reference="id"/>
                        <AD_Client_ID>0</AD_Client_ID>
                        <AD_Org_ID>0</AD_Org_ID>
                        <Version>0.0</Version>
                        <Name>Locator</Name>
                        <Description>Warehouse Locator</Description>
                        <Help>The Locator indicates where in a Warehouse a product is located.</Help>
                        <AD_Val_Rule_ID reference="id"/>
                        <ColumnName>M_Locator_ID</ColumnName>
                        <DefaultValue/>
                        <FieldLength>22</FieldLength>
                        <IsKey>N</IsKey>
                        <IsParent>N</IsParent>
                        <IsMandatory>N</IsMandatory>
                        <IsTranslated>N</IsTranslated>
                        <IsIdentifier>N</IsIdentifier>
                        <SeqNo/>
                        <IsEncrypted>N</IsEncrypted>
                        <AD_Reference_ID reference="id">31</AD_Reference_ID>
                        <IsActive>Y</IsActive>
                        <VFormat/>
                        <Callout/>
                        <AD_Element_ID reference="id">448</AD_Element_ID>
                        <IsUpdateable>Y</IsUpdateable>
                        <AD_Process_ID reference="id"/>
                        <ValueMin/>
                        <ValueMax/>
                        <IsSelectionColumn>N</IsSelectionColumn>
                        <ReadOnlyLogic/>
                        <EntityType>XX</EntityType>
                        <IsAlwaysUpdateable>N</IsAlwaysUpdateable>
                        <ColumnSQL/>
                        <MandatoryLogic/>
                        <IsAutocomplete>N</IsAutocomplete>
                        <IsAllowLogging>Y</IsAllowLogging>
                        <FormatPattern/>
                        <AD_Chart_ID reference="id"/>
                        <AD_Column_UU>3423b741-7f6c-42b9-be5c-27662f14a08f</AD_Column_UU>
                        <IsAllowCopy>Y</IsAllowCopy>
                        <SeqNoSelection/>
                        <IsToolbarButton>N</IsToolbarButton>
                        <IsSecure>N</IsSecure>
                        <FKConstraintName/>
                        <FKConstraintType>N</FKConstraintType>
                        <PA_DashboardContent_ID reference="id"/>
                    </AD_Column>
                    <AD_Column type="table">
                        <IsSyncDatabase>Y</IsSyncDatabase>
                        <AD_Table_ID reference="uuid" reference-key="AD_Table">0d3b35ff-1744-42ab-a7bf-c37b07568716</AD_Table_ID>
                        <AD_Reference_Value_ID reference="id"/>
                        <AD_Client_ID>0</AD_Client_ID>
                        <AD_Org_ID>0</AD_Org_ID>
                        <Version>0.0</Version>
                        <Name>Movement Date</Name>
                        <Description>Date a product was moved in or out of inventory</Description>
                        <Help>The Movement Date indicates the date that a product moved in or out of inventory.  This is the result of a shipment, receipt or inventory movement.</Help>
                        <AD_Val_Rule_ID reference="id"/>
                        <ColumnName>MovementDate</ColumnName>
                        <DefaultValue/>
                        <FieldLength>7</FieldLength>
                        <IsKey>N</IsKey>
                        <IsParent>N</IsParent>
                        <IsMandatory>N</IsMandatory>
                        <IsTranslated>N</IsTranslated>
                        <IsIdentifier>N</IsIdentifier>
                        <SeqNo/>
                        <IsEncrypted>N</IsEncrypted>
                        <AD_Reference_ID reference="id">15</AD_Reference_ID>
                        <IsActive>Y</IsActive>
                        <VFormat/>
                        <Callout/>
                        <AD_Element_ID reference="id">1037</AD_Element_ID>
                        <IsUpdateable>Y</IsUpdateable>
                        <AD_Process_ID reference="id"/>
                        <ValueMin/>
                        <ValueMax/>
                        <IsSelectionColumn>N</IsSelectionColumn>
                        <ReadOnlyLogic/>
                        <EntityType>XX</EntityType>
                        <IsAlwaysUpdateable>N</IsAlwaysUpdateable>
                        <ColumnSQL/>
                        <MandatoryLogic/>
                        <IsAutocomplete>N</IsAutocomplete>
                        <IsAllowLogging>Y</IsAllowLogging>
                        <FormatPattern/>
                        <AD_Chart_ID reference="id"/>
                        <AD_Column_UU>8b92d35d-3b89-474d-8afe-24796037d6c5</AD_Column_UU>
                        <IsAllowCopy>Y</IsAllowCopy>
                        <SeqNoSelection/>
                        <IsToolbarButton>N</IsToolbarButton>
                        <IsSecure>N</IsSecure>
                        <FKConstraintName/>
                        <FKConstraintType>N</FKConstraintType>
                        <PA_DashboardContent_ID reference="id"/>
                    </AD_Column>
                </AD_Table>
                <AD_Tab type="table">
                    <AD_Client_ID>0</AD_Client_ID>
                    <AD_Org_ID>0</AD_Org_ID>
                    <Name>Migration</Name>
                    <Description/>
                    <Help/>
                    <AD_Window_ID reference="uuid" reference-key="AD_Window">e2439c20-761c-48f3-9331-3531c8e88f6a</AD_Window_ID>
                    <SeqNo>10</SeqNo>
                    <IsSingleRow>N</IsSingleRow>
                    <AD_Table_ID reference="uuid" reference-key="AD_Table">0d3b35ff-1744-42ab-a7bf-c37b07568716</AD_Table_ID>
                    <IsActive>Y</IsActive>
                    <HasTree>N</HasTree>
                    <IsInfoTab>N</IsInfoTab>
                    <IsTranslationTab>N</IsTranslationTab>
                    <IsReadOnly>N</IsReadOnly>
                    <AD_Column_ID reference="id"/>
                    <WhereClause/>
                    <OrderByClause/>
                    <CommitWarning/>
                    <AD_Process_ID reference="id"/>
                    <Processing>N</Processing>
                    <AD_Image_ID reference="id"/>
                    <ImportFields/>
                    <TabLevel>0</TabLevel>
                    <IsSortTab>N</IsSortTab>
                    <AD_ColumnSortYesNo_ID reference="id"/>
                    <AD_ColumnSortOrder_ID reference="id"/>
                    <EntityType>U</EntityType>
                    <Included_Tab_ID reference="id"/>
                    <ReadOnlyLogic/>
                    <DisplayLogic/>
                    <IsInsertRecord>Y</IsInsertRecord>
                    <IsAdvancedTab>N</IsAdvancedTab>
                    <Parent_Column_ID reference="id"/>
                    <AD_Tab_UU>6ea56853-08a7-4809-8919-d104252b4ee7</AD_Tab_UU>
                    <AD_CtxHelp_ID reference="id"/>
                    <TreeDisplayedOn>B</TreeDisplayedOn>
                    <AD_Field type="table">
                        <AD_Client_ID>0</AD_Client_ID>
                        <AD_Org_ID>0</AD_Org_ID>
                        <Name>Client</Name>
                        <Description/>
                        <Help/>
                        <AD_Tab_ID reference="uuid" reference-key="AD_Tab">6ea56853-08a7-4809-8919-d104252b4ee7</AD_Tab_ID>
                        <AD_Column_ID reference="uuid" reference-key="AD_Column">406e734f-07b6-457d-9c78-3962a644bf2f</AD_Column_ID>
                        <IsDisplayed>Y</IsDisplayed>
                        <DisplayLogic/>
                        <DisplayLength>22</DisplayLength>
                        <SeqNo>10</SeqNo>
                        <SortNo/>
                        <IsSameLine>N</IsSameLine>
                        <IsHeading>N</IsHeading>
                        <IsFieldOnly>N</IsFieldOnly>
                        <IsEncrypted>N</IsEncrypted>
                        <IsActive>Y</IsActive>
                        <IsReadOnly>N</IsReadOnly>
                        <IsCentrallyMaintained>N</IsCentrallyMaintained>
                        <AD_FieldGroup_ID reference="id"/>
                        <EntityType>U</EntityType>
                        <ObscureType/>
                        <AD_Reference_ID reference="id"/>
                        <IsMandatory/>
                        <DefaultValue/>
                        <AD_Reference_Value_ID reference="id"/>
                        <AD_Val_Rule_ID reference="id"/>
                        <Included_Tab_ID reference="id"/>
                        <AD_Field_UU>7618155c-0023-4665-b050-cd548cea6a1f</AD_Field_UU>
                        <IsAllowCopy/>
                        <IsDisplayedGrid>N</IsDisplayedGrid>
                        <SeqNoGrid/>
                        <XPosition>1</XPosition>
                        <ColumnSpan>1</ColumnSpan>
                        <NumLines>1</NumLines>
                        <IsQuickEntry>N</IsQuickEntry>
                        <IsUpdateable/>
                        <IsAlwaysUpdateable/>
                        <MandatoryLogic/>
                        <ReadOnlyLogic/>
                        <IsToolbarButton/>
                        <IsDefaultFocus>N</IsDefaultFocus>
                        <IsAdvancedField>N</IsAdvancedField>
                        <VFormat/>
                        <AD_LabelStyle_ID reference="id"/>
                        <AD_FieldStyle_ID reference="id"/>
                    </AD_Field>
                    <AD_Field type="table">
                        <AD_Client_ID>0</AD_Client_ID>
                        <AD_Org_ID>0</AD_Org_ID>
                        <Name>Organization</Name>
                        <Description/>
                        <Help/>
                        <AD_Tab_ID reference="uuid" reference-key="AD_Tab">6ea56853-08a7-4809-8919-d104252b4ee7</AD_Tab_ID>
                        <AD_Column_ID reference="uuid" reference-key="AD_Column">a871fd3d-a711-458f-ba34-fd04bae39702</AD_Column_ID>
                        <IsDisplayed>Y</IsDisplayed>
                        <DisplayLogic/>
                        <DisplayLength>22</DisplayLength>
                        <SeqNo>20</SeqNo>
                        <SortNo/>
                        <IsSameLine>Y</IsSameLine>
                        <IsHeading>N</IsHeading>
                        <IsFieldOnly>N</IsFieldOnly>
                        <IsEncrypted>N</IsEncrypted>
                        <IsActive>Y</IsActive>
                        <IsReadOnly>N</IsReadOnly>
                        <IsCentrallyMaintained>N</IsCentrallyMaintained>
                        <AD_FieldGroup_ID reference="id"/>
                        <EntityType>U</EntityType>
                        <ObscureType/>
                        <AD_Reference_ID reference="id"/>
                        <IsMandatory/>
                        <DefaultValue/>
                        <AD_Reference_Value_ID reference="id"/>
                        <AD_Val_Rule_ID reference="id"/>
                        <Included_Tab_ID reference="id"/>
                        <AD_Field_UU>82419d50-8edb-43fa-bbae-0080b2c8dcf1</AD_Field_UU>
                        <IsAllowCopy>Y</IsAllowCopy>
                        <IsDisplayedGrid>N</IsDisplayedGrid>
                        <SeqNoGrid/>
                        <XPosition>1</XPosition>
                        <ColumnSpan>1</ColumnSpan>
                        <NumLines>1</NumLines>
                        <IsQuickEntry>N</IsQuickEntry>
                        <IsUpdateable/>
                        <IsAlwaysUpdateable/>
                        <MandatoryLogic/>
                        <ReadOnlyLogic/>
                        <IsToolbarButton/>
                        <IsDefaultFocus>N</IsDefaultFocus>
                        <IsAdvancedField>N</IsAdvancedField>
                        <VFormat/>
                        <AD_LabelStyle_ID reference="id"/>
                        <AD_FieldStyle_ID reference="id"/>
                    </AD_Field>
                    <AD_Field type="table">
                        <AD_Client_ID>0</AD_Client_ID>
                        <AD_Org_ID>0</AD_Org_ID>
                        <Name>Active</Name>
                        <Description/>
                        <Help/>
                        <AD_Tab_ID reference="uuid" reference-key="AD_Tab">6ea56853-08a7-4809-8919-d104252b4ee7</AD_Tab_ID>
                        <AD_Column_ID reference="uuid" reference-key="AD_Column">ceb6775f-ff7c-4d97-8dd3-cb37c0c70ce6</AD_Column_ID>
                        <IsDisplayed>Y</IsDisplayed>
                        <DisplayLogic/>
                        <DisplayLength>1</DisplayLength>
                        <SeqNo>40</SeqNo>
                        <SortNo/>
                        <IsSameLine>N</IsSameLine>
                        <IsHeading>N</IsHeading>
                        <IsFieldOnly>N</IsFieldOnly>
                        <IsEncrypted>N</IsEncrypted>
                        <IsActive>Y</IsActive>
                        <IsReadOnly>N</IsReadOnly>
                        <IsCentrallyMaintained>N</IsCentrallyMaintained>
                        <AD_FieldGroup_ID reference="id"/>
                        <EntityType>U</EntityType>
                        <ObscureType/>
                        <AD_Reference_ID reference="id"/>
                        <IsMandatory/>
                        <DefaultValue/>
                        <AD_Reference_Value_ID reference="id"/>
                        <AD_Val_Rule_ID reference="id"/>
                        <Included_Tab_ID reference="id"/>
                        <AD_Field_UU>fe16b027-17d4-4b4e-9dd3-bc1710fff0ed</AD_Field_UU>
                        <IsAllowCopy/>
                        <IsDisplayedGrid>Y</IsDisplayedGrid>
                        <SeqNoGrid/>
                        <XPosition>1</XPosition>
                        <ColumnSpan>1</ColumnSpan>
                        <NumLines>1</NumLines>
                        <IsQuickEntry>N</IsQuickEntry>
                        <IsUpdateable/>
                        <IsAlwaysUpdateable/>
                        <MandatoryLogic/>
                        <ReadOnlyLogic/>
                        <IsToolbarButton/>
                        <IsDefaultFocus>N</IsDefaultFocus>
                        <IsAdvancedField>N</IsAdvancedField>
                        <VFormat/>
                        <AD_LabelStyle_ID reference="id"/>
                        <AD_FieldStyle_ID reference="id"/>
                    </AD_Field>
                    <AD_Field type="table">
                        <AD_Client_ID>0</AD_Client_ID>
                        <AD_Org_ID>0</AD_Org_ID>
                        <Name>Movement Quantity</Name>
                        <Description>Quantity of a product moved.</Description>
                        <Help>The Movement Quantity indicates the quantity of a product that has been moved.</Help>
                        <AD_Tab_ID reference="uuid" reference-key="AD_Tab">6ea56853-08a7-4809-8919-d104252b4ee7</AD_Tab_ID>
                        <AD_Column_ID reference="uuid" reference-key="AD_Column">a77e7a0f-afb1-4b56-9775-6e36abf85370</AD_Column_ID>
                        <IsDisplayed>Y</IsDisplayed>
                        <DisplayLogic/>
                        <DisplayLength>22</DisplayLength>
                        <SeqNo>500</SeqNo>
                        <SortNo/>
                        <IsSameLine>N</IsSameLine>
                        <IsHeading>N</IsHeading>
                        <IsFieldOnly>N</IsFieldOnly>
                        <IsEncrypted>N</IsEncrypted>
                        <IsActive>Y</IsActive>
                        <IsReadOnly>N</IsReadOnly>
                        <IsCentrallyMaintained>N</IsCentrallyMaintained>
                        <AD_FieldGroup_ID reference="id"/>
                        <EntityType>XX</EntityType>
                        <ObscureType/>
                        <AD_Reference_ID reference="id"/>
                        <IsMandatory/>
                        <DefaultValue/>
                        <AD_Reference_Value_ID reference="id"/>
                        <AD_Val_Rule_ID reference="id"/>
                        <Included_Tab_ID reference="id"/>
                        <AD_Field_UU>d1c3515f-192d-4f14-8a84-1a057d9f8e56</AD_Field_UU>
                        <IsAllowCopy/>
                        <IsDisplayedGrid>Y</IsDisplayedGrid>
                        <SeqNoGrid/>
                        <XPosition>1</XPosition>
                        <ColumnSpan>1</ColumnSpan>
                        <NumLines>1</NumLines>
                        <IsQuickEntry>N</IsQuickEntry>
                        <IsUpdateable/>
                        <IsAlwaysUpdateable/>
                        <MandatoryLogic/>
                        <ReadOnlyLogic/>
                        <IsToolbarButton/>
                        <IsDefaultFocus>N</IsDefaultFocus>
                        <IsAdvancedField>N</IsAdvancedField>
                        <VFormat/>
                        <AD_LabelStyle_ID reference="id"/>
                        <AD_FieldStyle_ID reference="id"/>
                    </AD_Field>
                    <AD_Field type="table">
                        <AD_Client_ID>0</AD_Client_ID>
                        <AD_Org_ID>0</AD_Org_ID>
                        <Name>Price</Name>
                        <Description>Price</Description>
                        <Help>The Price indicates the Price for a product or service.</Help>
                        <AD_Tab_ID reference="uuid" reference-key="AD_Tab">6ea56853-08a7-4809-8919-d104252b4ee7</AD_Tab_ID>
                        <AD_Column_ID reference="uuid" reference-key="AD_Column">68a77455-0a9b-4eae-9044-ce4345cd01e8</AD_Column_ID>
                        <IsDisplayed>Y</IsDisplayed>
                        <DisplayLogic/>
                        <DisplayLength>14</DisplayLength>
                        <SeqNo>500</SeqNo>
                        <SortNo/>
                        <IsSameLine>N</IsSameLine>
                        <IsHeading>N</IsHeading>
                        <IsFieldOnly>N</IsFieldOnly>
                        <IsEncrypted>N</IsEncrypted>
                        <IsActive>Y</IsActive>
                        <IsReadOnly>N</IsReadOnly>
                        <IsCentrallyMaintained>N</IsCentrallyMaintained>
                        <AD_FieldGroup_ID reference="id"/>
                        <EntityType>XX</EntityType>
                        <ObscureType/>
                        <AD_Reference_ID reference="id"/>
                        <IsMandatory/>
                        <DefaultValue/>
                        <AD_Reference_Value_ID reference="id"/>
                        <AD_Val_Rule_ID reference="id"/>
                        <Included_Tab_ID reference="id"/>
                        <AD_Field_UU>e8fa15b2-0145-4314-93c4-bfce2e003763</AD_Field_UU>
                        <IsAllowCopy/>
                        <IsDisplayedGrid>Y</IsDisplayedGrid>
                        <SeqNoGrid/>
                        <XPosition>1</XPosition>
                        <ColumnSpan>1</ColumnSpan>
                        <NumLines>1</NumLines>
                        <IsQuickEntry>N</IsQuickEntry>
                        <IsUpdateable/>
                        <IsAlwaysUpdateable/>
                        <MandatoryLogic/>
                        <ReadOnlyLogic/>
                        <IsToolbarButton/>
                        <IsDefaultFocus>N</IsDefaultFocus>
                        <IsAdvancedField>N</IsAdvancedField>
                        <VFormat/>
                        <AD_LabelStyle_ID reference="id"/>
                        <AD_FieldStyle_ID reference="id"/>
                    </AD_Field>
                    <AD_Field type="table">
                        <AD_Client_ID>0</AD_Client_ID>
                        <AD_Org_ID>0</AD_Org_ID>
                        <Name>Product</Name>
                        <Description>Product, Service, Item</Description>
                        <Help>Identifies an item which is either purchased or sold in this organization.</Help>
                        <AD_Tab_ID reference="uuid" reference-key="AD_Tab">6ea56853-08a7-4809-8919-d104252b4ee7</AD_Tab_ID>
                        <AD_Column_ID reference="uuid" reference-key="AD_Column">54dac785-4ae2-4b01-a17b-984fba020a1d</AD_Column_ID>
                        <IsDisplayed>Y</IsDisplayed>
                        <DisplayLogic/>
                        <DisplayLength>22</DisplayLength>
                        <SeqNo>500</SeqNo>
                        <SortNo/>
                        <IsSameLine>N</IsSameLine>
                        <IsHeading>N</IsHeading>
                        <IsFieldOnly>N</IsFieldOnly>
                        <IsEncrypted>N</IsEncrypted>
                        <IsActive>Y</IsActive>
                        <IsReadOnly>N</IsReadOnly>
                        <IsCentrallyMaintained>N</IsCentrallyMaintained>
                        <AD_FieldGroup_ID reference="id"/>
                        <EntityType>XX</EntityType>
                        <ObscureType/>
                        <AD_Reference_ID reference="id"/>
                        <IsMandatory/>
                        <DefaultValue/>
                        <AD_Reference_Value_ID reference="id"/>
                        <AD_Val_Rule_ID reference="id"/>
                        <Included_Tab_ID reference="id"/>
                        <AD_Field_UU>689ecf8c-f883-4ce5-a16d-db2fd204c762</AD_Field_UU>
                        <IsAllowCopy/>
                        <IsDisplayedGrid>Y</IsDisplayedGrid>
                        <SeqNoGrid/>
                        <XPosition>1</XPosition>
                        <ColumnSpan>1</ColumnSpan>
                        <NumLines>1</NumLines>
                        <IsQuickEntry>N</IsQuickEntry>
                        <IsUpdateable/>
                        <IsAlwaysUpdateable/>
                        <MandatoryLogic/>
                        <ReadOnlyLogic/>
                        <IsToolbarButton/>
                        <IsDefaultFocus>N</IsDefaultFocus>
                        <IsAdvancedField>N</IsAdvancedField>
                        <VFormat/>
                        <AD_LabelStyle_ID reference="id"/>
                        <AD_FieldStyle_ID reference="id"/>
                    </AD_Field>
                    <AD_Field type="table">
                        <AD_Client_ID>0</AD_Client_ID>
                        <AD_Org_ID>0</AD_Org_ID>
                        <Name>Movement Date</Name>
                        <Description>Date a product was moved in or out of inventory</Description>
                        <Help>The Movement Date indicates the date that a product moved in or out of inventory.  This is the result of a shipment, receipt or inventory movement.</Help>
                        <AD_Tab_ID reference="uuid" reference-key="AD_Tab">6ea56853-08a7-4809-8919-d104252b4ee7</AD_Tab_ID>
                        <AD_Column_ID reference="uuid" reference-key="AD_Column">8b92d35d-3b89-474d-8afe-24796037d6c5</AD_Column_ID>
                        <IsDisplayed>Y</IsDisplayed>
                        <DisplayLogic/>
                        <DisplayLength>7</DisplayLength>
                        <SeqNo>500</SeqNo>
                        <SortNo/>
                        <IsSameLine>N</IsSameLine>
                        <IsHeading>N</IsHeading>
                        <IsFieldOnly>N</IsFieldOnly>
                        <IsEncrypted>N</IsEncrypted>
                        <IsActive>Y</IsActive>
                        <IsReadOnly>N</IsReadOnly>
                        <IsCentrallyMaintained>N</IsCentrallyMaintained>
                        <AD_FieldGroup_ID reference="id"/>
                        <EntityType>XX</EntityType>
                        <ObscureType/>
                        <AD_Reference_ID reference="id"/>
                        <IsMandatory/>
                        <DefaultValue/>
                        <AD_Reference_Value_ID reference="id"/>
                        <AD_Val_Rule_ID reference="id"/>
                        <Included_Tab_ID reference="id"/>
                        <AD_Field_UU>87f56ad7-9a31-4a78-aeed-7b8ec55ce2ef</AD_Field_UU>
                        <IsAllowCopy/>
                        <IsDisplayedGrid>Y</IsDisplayedGrid>
                        <SeqNoGrid/>
                        <XPosition>1</XPosition>
                        <ColumnSpan>1</ColumnSpan>
                        <NumLines>1</NumLines>
                        <IsQuickEntry>N</IsQuickEntry>
                        <IsUpdateable/>
                        <IsAlwaysUpdateable/>
                        <MandatoryLogic/>
                        <ReadOnlyLogic/>
                        <IsToolbarButton/>
                        <IsDefaultFocus>N</IsDefaultFocus>
                        <IsAdvancedField>N</IsAdvancedField>
                        <VFormat/>
                        <AD_LabelStyle_ID reference="id"/>
                        <AD_FieldStyle_ID reference="id"/>
                    </AD_Field>
                    <AD_Field type="table">
                        <AD_Client_ID>0</AD_Client_ID>
                        <AD_Org_ID>0</AD_Org_ID>
                        <Name>Locator</Name>
                        <Description>Warehouse Locator</Description>
                        <Help>The Locator indicates where in a Warehouse a product is located.</Help>
                        <AD_Tab_ID reference="uuid" reference-key="AD_Tab">6ea56853-08a7-4809-8919-d104252b4ee7</AD_Tab_ID>
                        <AD_Column_ID reference="uuid" reference-key="AD_Column">3423b741-7f6c-42b9-be5c-27662f14a08f</AD_Column_ID>
                        <IsDisplayed>Y</IsDisplayed>
                        <DisplayLogic/>
                        <DisplayLength>22</DisplayLength>
                        <SeqNo>500</SeqNo>
                        <SortNo/>
                        <IsSameLine>N</IsSameLine>
                        <IsHeading>N</IsHeading>
                        <IsFieldOnly>N</IsFieldOnly>
                        <IsEncrypted>N</IsEncrypted>
                        <IsActive>Y</IsActive>
                        <IsReadOnly>N</IsReadOnly>
                        <IsCentrallyMaintained>N</IsCentrallyMaintained>
                        <AD_FieldGroup_ID reference="id"/>
                        <EntityType>XX</EntityType>
                        <ObscureType/>
                        <AD_Reference_ID reference="id"/>
                        <IsMandatory/>
                        <DefaultValue/>
                        <AD_Reference_Value_ID reference="id"/>
                        <AD_Val_Rule_ID reference="id"/>
                        <Included_Tab_ID reference="id"/>
                        <AD_Field_UU>2f0085e0-af0f-45fb-bb44-32a5cb12dc86</AD_Field_UU>
                        <IsAllowCopy/>
                        <IsDisplayedGrid>Y</IsDisplayedGrid>
                        <SeqNoGrid/>
                        <XPosition>1</XPosition>
                        <ColumnSpan>1</ColumnSpan>
                        <NumLines>1</NumLines>
                        <IsQuickEntry>N</IsQuickEntry>
                        <IsUpdateable/>
                        <IsAlwaysUpdateable/>
                        <MandatoryLogic/>
                        <ReadOnlyLogic/>
                        <IsToolbarButton/>
                        <IsDefaultFocus>N</IsDefaultFocus>
                        <IsAdvancedField>N</IsAdvancedField>
                        <VFormat/>
                        <AD_LabelStyle_ID reference="id"/>
                        <AD_FieldStyle_ID reference="id"/>
                    </AD_Field>
                    <AD_Field type="table">
                        <AD_Client_ID>0</AD_Client_ID>
                        <AD_Org_ID>0</AD_Org_ID>
                        <Name>Migration</Name>
                        <Description/>
                        <Help/>
                        <AD_Tab_ID reference="uuid" reference-key="AD_Tab">6ea56853-08a7-4809-8919-d104252b4ee7</AD_Tab_ID>
                        <AD_Column_ID reference="uuid" reference-key="AD_Column">894c8fdb-e40e-40bc-8cd3-275caa3bcb49</AD_Column_ID>
                        <IsDisplayed>N</IsDisplayed>
                        <DisplayLogic/>
                        <DisplayLength>22</DisplayLength>
                        <SeqNo>500</SeqNo>
                        <SortNo/>
                        <IsSameLine>N</IsSameLine>
                        <IsHeading>N</IsHeading>
                        <IsFieldOnly>N</IsFieldOnly>
                        <IsEncrypted>N</IsEncrypted>
                        <IsActive>Y</IsActive>
                        <IsReadOnly>N</IsReadOnly>
                        <IsCentrallyMaintained>N</IsCentrallyMaintained>
                        <AD_FieldGroup_ID reference="id"/>
                        <EntityType>XX</EntityType>
                        <ObscureType/>
                        <AD_Reference_ID reference="id"/>
                        <IsMandatory/>
                        <DefaultValue/>
                        <AD_Reference_Value_ID reference="id"/>
                        <AD_Val_Rule_ID reference="id"/>
                        <Included_Tab_ID reference="id"/>
                        <AD_Field_UU>a6ad83f8-ea8b-45c2-ab42-96fe143de809</AD_Field_UU>
                        <IsAllowCopy/>
                        <IsDisplayedGrid>N</IsDisplayedGrid>
                        <SeqNoGrid/>
                        <XPosition>1</XPosition>
                        <ColumnSpan>1</ColumnSpan>
                        <NumLines>1</NumLines>
                        <IsQuickEntry>N</IsQuickEntry>
                        <IsUpdateable/>
                        <IsAlwaysUpdateable/>
                        <MandatoryLogic/>
                        <ReadOnlyLogic/>
                        <IsToolbarButton/>
                        <IsDefaultFocus>N</IsDefaultFocus>
                        <IsAdvancedField>N</IsAdvancedField>
                        <VFormat/>
                        <AD_LabelStyle_ID reference="id"/>
                        <AD_FieldStyle_ID reference="id"/>
                    </AD_Field>
                </AD_Tab>
            </AD_Window>
        </AD_Menu>
        <AD_Menu type="table">
            <Parent_ID reference="uuid" reference-key="AD_Menu">0e7a15d9-d464-450a-b6b0-5d61edabd979</Parent_ID>
            <SeqNo>999</SeqNo>
            <AD_Client_ID>0</AD_Client_ID>
            <AD_Org_ID>0</AD_Org_ID>
            <Name>Migrate Process</Name>
            <Description/>
            <Action>P</Action>
            <AD_Window_ID reference="id"/>
            <AD_Workflow_ID reference="id"/>
            <AD_Task_ID reference="id"/>
            <IsActive>Y</IsActive>
            <IsSummary>N</IsSummary>
            <AD_Process_ID reference="uuid" reference-key="AD_Process">9fe5236b-54e7-4555-ace3-92d62d7a0e40</AD_Process_ID>
            <IsSOTrx>N</IsSOTrx>
            <AD_Form_ID reference="id"/>
            <IsReadOnly>N</IsReadOnly>
            <EntityType>U</EntityType>
            <IsCentrallyMaintained>Y</IsCentrallyMaintained>
            <AD_Menu_UU>54173740-b330-4882-8507-1aaed256ca6c</AD_Menu_UU>
            <AD_InfoWindow_ID reference="id"/>
            <AD_Process type="table">
                <AD_Client_ID>0</AD_Client_ID>
                <AD_Org_ID>0</AD_Org_ID>
                <IsActive>Y</IsActive>
                <Name>Migrate Process</Name>
                <Description/>
                <Help/>
                <ProcedureName/>
                <IsReport>N</IsReport>
                <Value>MigrateProcess</Value>
                <IsDirectPrint>N</IsDirectPrint>
                <AD_ReportView_ID reference="id"/>
                <Classname>org.my.process.MigrateProcess</Classname>
                <AccessLevel>7</AccessLevel>
                <EntityType>U</EntityType>
                <Statistic_Count/>
                <Statistic_Seconds/>
                <AD_PrintFormat_ID reference="id"/>
                <WorkflowValue/>
                <AD_Workflow_ID reference="id"/>
                <IsBetaFunctionality>N</IsBetaFunctionality>
                <IsServerProcess>N</IsServerProcess>
                <ShowHelp>Y</ShowHelp>
                <JasperReport/>
                <AD_Form_ID reference="id"/>
                <CopyFromProcess/>
                <AD_Process_UU>9fe5236b-54e7-4555-ace3-92d62d7a0e40</AD_Process_UU>
                <AD_CtxHelp_ID reference="id"/>
                <AD_Process_Para type="table">
                    <AD_Client_ID>0</AD_Client_ID>
                    <AD_Org_ID>0</AD_Org_ID>
                    <IsActive>Y</IsActive>
                    <Name>Price List Version</Name>
                    <Description>Identifies a unique instance of a Price List</Description>
                    <Help>Each Price List can have multiple versions.  The most common use is to indicate the dates that a Price List is valid for.</Help>
                    <AD_Process_ID reference="uuid" reference-key="AD_Process">9fe5236b-54e7-4555-ace3-92d62d7a0e40</AD_Process_ID>
                    <SeqNo>10</SeqNo>
                    <AD_Reference_ID reference="id">19</AD_Reference_ID>
                    <AD_Reference_Value_ID reference="id"/>
                    <IsRange>N</IsRange>
                    <AD_Val_Rule_ID reference="id"/>
                    <FieldLength>0</FieldLength>
                    <IsMandatory>N</IsMandatory>
                    <DefaultValue/>
                    <VFormat/>
                    <ValueMin/>
                    <ValueMax/>
                    <ColumnName>M_PriceList_Version_ID</ColumnName>
                    <DefaultValue2/>
                    <IsCentrallyMaintained>Y</IsCentrallyMaintained>
                    <EntityType>U</EntityType>
                    <AD_Element_ID reference="id">450</AD_Element_ID>
                    <ReadOnlyLogic/>
                    <DisplayLogic/>
                    <AD_Process_Para_UU>7bc5f19a-d24f-43d8-a1f3-8a52dd3257ab</AD_Process_Para_UU>
                    <IsEncrypted>N</IsEncrypted>
                    <MandatoryLogic/>
                </AD_Process_Para>
                <AD_Process_Para type="table">
                    <AD_Client_ID>0</AD_Client_ID>
                    <AD_Org_ID>0</AD_Org_ID>
                    <IsActive>Y</IsActive>
                    <Name>Warehouse</Name>
                    <Description>Storage Warehouse and Service Point</Description>
                    <Help>The Warehouse identifies a unique Warehouse where products are stored or Services are provided.</Help>
                    <AD_Process_ID reference="uuid" reference-key="AD_Process">9fe5236b-54e7-4555-ace3-92d62d7a0e40</AD_Process_ID>
                    <SeqNo>11</SeqNo>
                    <AD_Reference_ID reference="id">19</AD_Reference_ID>
                    <AD_Reference_Value_ID reference="id"/>
                    <IsRange>N</IsRange>
                    <AD_Val_Rule_ID reference="id"/>
                    <FieldLength>0</FieldLength>
                    <IsMandatory>N</IsMandatory>
                    <DefaultValue/>
                    <VFormat/>
                    <ValueMin/>
                    <ValueMax/>
                    <ColumnName>M_Warehouse_ID</ColumnName>
                    <DefaultValue2/>
                    <IsCentrallyMaintained>Y</IsCentrallyMaintained>
                    <EntityType>U</EntityType>
                    <AD_Element_ID reference="id">459</AD_Element_ID>
                    <ReadOnlyLogic/>
                    <DisplayLogic/>
                    <AD_Process_Para_UU>4c98a011-a269-4dea-9c80-6e9c9d51988c</AD_Process_Para_UU>
                    <IsEncrypted>N</IsEncrypted>
                    <MandatoryLogic/>
                </AD_Process_Para>
                <AD_Process_Para type="table">
                    <AD_Client_ID>0</AD_Client_ID>
                    <AD_Org_ID>0</AD_Org_ID>
                    <IsActive>Y</IsActive>
                    <Name>Locator</Name>
                    <Description>Warehouse Locator</Description>
                    <Help>The Locator indicates where in a Warehouse a product is located.</Help>
                    <AD_Process_ID reference="uuid" reference-key="AD_Process">9fe5236b-54e7-4555-ace3-92d62d7a0e40</AD_Process_ID>
                    <SeqNo>12</SeqNo>
                    <AD_Reference_ID reference="id">31</AD_Reference_ID>
                    <AD_Reference_Value_ID reference="id"/>
                    <IsRange>N</IsRange>
                    <AD_Val_Rule_ID reference="id"/>
                    <FieldLength>0</FieldLength>
                    <IsMandatory>N</IsMandatory>
                    <DefaultValue/>
                    <VFormat/>
                    <ValueMin/>
                    <ValueMax/>
                    <ColumnName>M_Locator_ID</ColumnName>
                    <DefaultValue2/>
                    <IsCentrallyMaintained>Y</IsCentrallyMaintained>
                    <EntityType>U</EntityType>
                    <AD_Element_ID reference="id">448</AD_Element_ID>
                    <ReadOnlyLogic/>
                    <DisplayLogic/>
                    <AD_Process_Para_UU>ff2f6f6f-86ce-41ea-bd94-e4ceb3849f6e</AD_Process_Para_UU>
                    <IsEncrypted>N</IsEncrypted>
                    <MandatoryLogic/>
                </AD_Process_Para>
                <AD_Process_Para type="table">
                    <AD_Client_ID>0</AD_Client_ID>
                    <AD_Org_ID>0</AD_Org_ID>
                    <IsActive>Y</IsActive>
                    <Name>Product</Name>
                    <Description>Product, Service, Item</Description>
                    <Help>Identifies an item which is either purchased or sold in this organization.</Help>
                    <AD_Process_ID reference="uuid" reference-key="AD_Process">9fe5236b-54e7-4555-ace3-92d62d7a0e40</AD_Process_ID>
                    <SeqNo>13</SeqNo>
                    <AD_Reference_ID reference="id">30</AD_Reference_ID>
                    <AD_Reference_Value_ID reference="id"/>
                    <IsRange>N</IsRange>
                    <AD_Val_Rule_ID reference="id">231</AD_Val_Rule_ID>
                    <FieldLength>0</FieldLength>
                    <IsMandatory>N</IsMandatory>
                    <DefaultValue/>
                    <VFormat/>
                    <ValueMin/>
                    <ValueMax/>
                    <ColumnName>M_Product_ID</ColumnName>
                    <DefaultValue2/>
                    <IsCentrallyMaintained>Y</IsCentrallyMaintained>
                    <EntityType>U</EntityType>
                    <AD_Element_ID reference="id">454</AD_Element_ID>
                    <ReadOnlyLogic/>
                    <DisplayLogic/>
                    <AD_Process_Para_UU>6f86acad-2912-46c1-936d-4658bdb6935f</AD_Process_Para_UU>
                    <IsEncrypted>N</IsEncrypted>
                    <MandatoryLogic/>
                </AD_Process_Para>
            </AD_Process>
        </AD_Menu>
    </AD_Menu>
</idempiere>
