<?xml version="1.0" encoding="UTF-8"?><idempiere Name="HU" Version="1" idempiereVersion="" DataBaseVersion="" Description="" Author="" AuthorEmail="" CreatedDate="2018-07-13 17:15:18.877" UpdatedDate="2018-07-13 17:25:35.518" PackOutVersion="100" UpdateDictionary="false" Client="0-SYSTEM-System" AD_Client_UU="11237b53-9592-4af1-b3c5-afd216514b5d">
    <AD_Process type="table">
        <AD_Client_ID>0</AD_Client_ID>
        <AD_Org_ID>0</AD_Org_ID>
        <IsActive>Y</IsActive>
        <Name>Generate Handling Unit</Name>
        <Description/>
        <Help/>
        <ProcedureName/>
        <IsReport>N</IsReport>
        <Value>GenerateHandlingUnit</Value>
        <IsDirectPrint>N</IsDirectPrint>
        <AD_ReportView_ID reference="id"/>
        <Classname>org.my.process.GenerateHandlingUnit</Classname>
        <AccessLevel>7</AccessLevel>
        <EntityType>U</EntityType>
        <Statistic_Count/>
        <Statistic_Seconds/>
        <AD_PrintFormat_ID reference="id"/>
        <WorkflowValue/>
        <AD_Workflow_ID reference="id"/>
        <IsBetaFunctionality>N</IsBetaFunctionality>
        <IsServerProcess>N</IsServerProcess>
        <ShowHelp>Y</ShowHelp>
        <JasperReport/>
        <AD_Form_ID reference="id"/>
        <CopyFromProcess/>
        <AD_Process_UU>8a12e2af-9b2f-4b81-be2e-fbdb03449aa0</AD_Process_UU>
        <AD_CtxHelp_ID reference="id"/>
        <AD_Process_Trl type="translation">
            <Help/>
            <Description/>
            <Name>Generate Handling Unit</Name>
            <AD_Language>es_CO</AD_Language>
            <IsActive>Y</IsActive>
            <IsTranslated>N</IsTranslated>
        </AD_Process_Trl>
        <AD_Process_Para type="table">
            <AD_Client_ID>0</AD_Client_ID>
            <AD_Org_ID>0</AD_Org_ID>
            <IsActive>Y</IsActive>
            <Name>Counter</Name>
            <Description>Count Value</Description>
            <Help>Number counter</Help>
            <AD_Process_ID reference="uuid" reference-key="AD_Process">8a12e2af-9b2f-4b81-be2e-fbdb03449aa0</AD_Process_ID>
            <SeqNo>10</SeqNo>
            <AD_Reference_ID reference="id">11</AD_Reference_ID>
            <AD_Reference_Value_ID reference="id"/>
            <IsRange>N</IsRange>
            <AD_Val_Rule_ID reference="id"/>
            <FieldLength>0</FieldLength>
            <IsMandatory>N</IsMandatory>
            <DefaultValue/>
            <VFormat/>
            <ValueMin/>
            <ValueMax/>
            <ColumnName>Counter</ColumnName>
            <DefaultValue2/>
            <IsCentrallyMaintained>Y</IsCentrallyMaintained>
            <EntityType>U</EntityType>
            <AD_Element_ID reference="id">1997</AD_Element_ID>
            <ReadOnlyLogic/>
            <DisplayLogic/>
            <AD_Process_Para_UU>204c323b-42a6-4859-b6e5-685fb4ed546d</AD_Process_Para_UU>
            <IsEncrypted>N</IsEncrypted>
            <MandatoryLogic/>
            <AD_Process_Para_Trl type="translation">
                <Help>Number counter</Help>
                <Name>Counter</Name>
                <Description>Count Value</Description>
                <AD_Language>es_CO</AD_Language>
                <IsActive>Y</IsActive>
                <IsTranslated>N</IsTranslated>
            </AD_Process_Para_Trl>
        </AD_Process_Para>
        <AD_Process_Para type="table">
            <AD_Client_ID>0</AD_Client_ID>
            <AD_Org_ID>0</AD_Org_ID>
            <IsActive>Y</IsActive>
            <Name>Prefix</Name>
            <Description>Prefix before the sequence number</Description>
            <Help>The Prefix indicates the characters to print in front of the document number.</Help>
            <AD_Process_ID reference="uuid" reference-key="AD_Process">8a12e2af-9b2f-4b81-be2e-fbdb03449aa0</AD_Process_ID>
            <SeqNo>11</SeqNo>
            <AD_Reference_ID reference="id">10</AD_Reference_ID>
            <AD_Reference_Value_ID reference="id"/>
            <IsRange>N</IsRange>
            <AD_Val_Rule_ID reference="id"/>
            <FieldLength>0</FieldLength>
            <IsMandatory>N</IsMandatory>
            <DefaultValue/>
            <VFormat/>
            <ValueMin/>
            <ValueMax/>
            <ColumnName>Prefix</ColumnName>
            <DefaultValue2/>
            <IsCentrallyMaintained>Y</IsCentrallyMaintained>
            <EntityType>U</EntityType>
            <AD_Element_ID reference="id">516</AD_Element_ID>
            <ReadOnlyLogic/>
            <DisplayLogic/>
            <AD_Process_Para_UU>a1442676-59d1-4362-883d-857f1aeecd84</AD_Process_Para_UU>
            <IsEncrypted>N</IsEncrypted>
            <MandatoryLogic/>
            <AD_Process_Para_Trl type="translation">
                <Help>The Prefix indicates the characters to print in front of the document number.</Help>
                <Name>Prefix</Name>
                <Description>Prefix before the sequence number</Description>
                <AD_Language>es_CO</AD_Language>
                <IsActive>Y</IsActive>
                <IsTranslated>N</IsTranslated>
            </AD_Process_Para_Trl>
        </AD_Process_Para>
        <AD_Process_Para type="table">
            <AD_Client_ID>0</AD_Client_ID>
            <AD_Org_ID>0</AD_Org_ID>
            <IsActive>Y</IsActive>
            <Name>Capacity</Name>
            <Description/>
            <Help/>
            <AD_Process_ID reference="uuid" reference-key="AD_Process">8a12e2af-9b2f-4b81-be2e-fbdb03449aa0</AD_Process_ID>
            <SeqNo>12</SeqNo>
            <AD_Reference_ID reference="id">29</AD_Reference_ID>
            <AD_Reference_Value_ID reference="id"/>
            <IsRange>N</IsRange>
            <AD_Val_Rule_ID reference="id"/>
            <FieldLength>0</FieldLength>
            <IsMandatory>N</IsMandatory>
            <DefaultValue/>
            <VFormat/>
            <ValueMin/>
            <ValueMax/>
            <ColumnName>Capacity</ColumnName>
            <DefaultValue2/>
            <IsCentrallyMaintained>Y</IsCentrallyMaintained>
            <EntityType>U</EntityType>
            <AD_Element_ID reference="uuid" reference-key="AD_Element">65b319e2-738e-4aab-adbf-58f33a0edd64</AD_Element_ID>
            <ReadOnlyLogic/>
            <DisplayLogic/>
            <AD_Process_Para_UU>229caab6-f375-4904-8ecc-8fa6e7426e46</AD_Process_Para_UU>
            <IsEncrypted>N</IsEncrypted>
            <MandatoryLogic/>
            <AD_Process_Para_Trl type="translation">
                <Help/>
                <Name>Capacity</Name>
                <Description/>
                <AD_Language>es_CO</AD_Language>
                <IsActive>Y</IsActive>
                <IsTranslated>N</IsTranslated>
            </AD_Process_Para_Trl>
        </AD_Process_Para>
    </AD_Process>
    <AD_Menu type="table">
        <SeqNo>18</SeqNo>
        <AD_Client_ID>0</AD_Client_ID>
        <AD_Org_ID>0</AD_Org_ID>
        <Name>WMS Models Reference</Name>
        <Description>These are detail tabs added to core model windows</Description>
        <Action/>
        <AD_Window_ID reference="id"/>
        <AD_Workflow_ID reference="id"/>
        <AD_Task_ID reference="id"/>
        <IsActive>Y</IsActive>
        <IsSummary>Y</IsSummary>
        <AD_Process_ID reference="id"/>
        <IsSOTrx>N</IsSOTrx>
        <AD_Form_ID reference="id"/>
        <IsReadOnly>N</IsReadOnly>
        <EntityType>U</EntityType>
        <IsCentrallyMaintained>N</IsCentrallyMaintained>
        <AD_Menu_UU>a53ebe07-6fd5-40e8-8d18-f034776d759e</AD_Menu_UU>
        <AD_InfoWindow_ID reference="id"/>
        <AD_Menu_Trl type="translation">
            <Name>WMS Models Reference</Name>
            <Description>These are detail tabs added to core model windows</Description>
            <AD_Language>es_CO</AD_Language>
            <IsActive>Y</IsActive>
            <IsTranslated>N</IsTranslated>
        </AD_Menu_Trl>
        <AD_Menu type="table">
            <Parent_ID reference="uuid" reference-key="AD_Menu">a53ebe07-6fd5-40e8-8d18-f034776d759e</Parent_ID>
            <SeqNo>19</SeqNo>
            <AD_Client_ID>0</AD_Client_ID>
            <AD_Org_ID>0</AD_Org_ID>
            <Name>Stock Movement</Name>
            <Description/>
            <Action>P</Action>
            <AD_Window_ID reference="id"/>
            <AD_Workflow_ID reference="id"/>
            <AD_Task_ID reference="id"/>
            <IsActive>Y</IsActive>
            <IsSummary>N</IsSummary>
            <AD_Process_ID reference="uuid" reference-key="AD_Process">fa8563e9-e6ba-4473-8746-202585416f65</AD_Process_ID>
            <IsSOTrx>N</IsSOTrx>
            <AD_Form_ID reference="id"/>
            <IsReadOnly>N</IsReadOnly>
            <EntityType>U</EntityType>
            <IsCentrallyMaintained>Y</IsCentrallyMaintained>
            <AD_Menu_UU>bcc1fd5f-3e78-4854-9b2f-7d0450be2151</AD_Menu_UU>
            <AD_InfoWindow_ID reference="id"/>
        </AD_Menu>
        <AD_Menu type="table">
            <Parent_ID reference="uuid" reference-key="AD_Menu">a53ebe07-6fd5-40e8-8d18-f034776d759e</Parent_ID>
            <SeqNo>5</SeqNo>
            <AD_Client_ID>0</AD_Client_ID>
            <AD_Org_ID>0</AD_Org_ID>
            <Name>Report Storage Movement</Name>
            <Description/>
            <Action>P</Action>
            <AD_Window_ID reference="id"/>
            <AD_Workflow_ID reference="id"/>
            <AD_Task_ID reference="id"/>
            <IsActive>Y</IsActive>
            <IsSummary>N</IsSummary>
            <AD_Process_ID reference="uuid" reference-key="AD_Process">541d8940-df42-49c0-a39b-2a84f55dfe5e</AD_Process_ID>
            <IsSOTrx>N</IsSOTrx>
            <AD_Form_ID reference="id"/>
            <IsReadOnly>N</IsReadOnly>
            <EntityType>U</EntityType>
            <IsCentrallyMaintained>Y</IsCentrallyMaintained>
            <AD_Menu_UU>8df00ed2-3882-4a95-9c40-14f59de0c8ee</AD_Menu_UU>
            <AD_InfoWindow_ID reference="id"/>
        </AD_Menu>
        <AD_Menu type="table">
            <Parent_ID reference="uuid" reference-key="AD_Menu">a53ebe07-6fd5-40e8-8d18-f034776d759e</Parent_ID>
            <SeqNo>11</SeqNo>
            <AD_Client_ID>0</AD_Client_ID>
            <AD_Org_ID>0</AD_Org_ID>
            <Name>Bin Dimensions</Name>
            <Description/>
            <Action>W</Action>
            <AD_Window_ID reference="uuid" reference-key="AD_Window">a172bca6-424c-4039-a771-e03e252bd3d0</AD_Window_ID>
            <AD_Workflow_ID reference="id"/>
            <AD_Task_ID reference="id"/>
            <IsActive>Y</IsActive>
            <IsSummary>N</IsSummary>
            <AD_Process_ID reference="id"/>
            <IsSOTrx>N</IsSOTrx>
            <AD_Form_ID reference="id"/>
            <IsReadOnly>N</IsReadOnly>
            <EntityType>U</EntityType>
            <IsCentrallyMaintained>Y</IsCentrallyMaintained>
            <AD_Menu_UU>133c75c3-5b0b-4c46-8ed6-b82568447bd9</AD_Menu_UU>
            <AD_InfoWindow_ID reference="id"/>
        </AD_Menu>
        <AD_Menu type="table">
            <Parent_ID reference="uuid" reference-key="AD_Menu">a53ebe07-6fd5-40e8-8d18-f034776d759e</Parent_ID>
            <SeqNo>10</SeqNo>
            <AD_Client_ID>0</AD_Client_ID>
            <AD_Org_ID>0</AD_Org_ID>
            <Name>Route Location</Name>
            <Description/>
            <Action>W</Action>
            <AD_Window_ID reference="uuid" reference-key="AD_Window">ae234b0f-136a-4317-bab1-04706a88aafd</AD_Window_ID>
            <AD_Workflow_ID reference="id"/>
            <AD_Task_ID reference="id"/>
            <IsActive>Y</IsActive>
            <IsSummary>N</IsSummary>
            <AD_Process_ID reference="id"/>
            <IsSOTrx>N</IsSOTrx>
            <AD_Form_ID reference="id"/>
            <IsReadOnly>N</IsReadOnly>
            <EntityType>U</EntityType>
            <IsCentrallyMaintained>Y</IsCentrallyMaintained>
            <AD_Menu_UU>4bfabde3-fd81-4ced-bc61-1aa8e1b8c458</AD_Menu_UU>
            <AD_InfoWindow_ID reference="id"/>
        </AD_Menu>
        <AD_Menu type="table">
            <Parent_ID reference="uuid" reference-key="AD_Menu">a53ebe07-6fd5-40e8-8d18-f034776d759e</Parent_ID>
            <SeqNo>9</SeqNo>
            <AD_Client_ID>0</AD_Client_ID>
            <AD_Org_ID>0</AD_Org_ID>
            <Name>Gate</Name>
            <Description/>
            <Action>W</Action>
            <AD_Window_ID reference="uuid" reference-key="AD_Window">d1b043e1-2cde-4587-8a2b-cb76d6187e4c</AD_Window_ID>
            <AD_Workflow_ID reference="id"/>
            <AD_Task_ID reference="id"/>
            <IsActive>Y</IsActive>
            <IsSummary>N</IsSummary>
            <AD_Process_ID reference="id"/>
            <IsSOTrx>N</IsSOTrx>
            <AD_Form_ID reference="id"/>
            <IsReadOnly>N</IsReadOnly>
            <EntityType>U</EntityType>
            <IsCentrallyMaintained>Y</IsCentrallyMaintained>
            <AD_Menu_UU>8a20fdb9-a643-4b50-a146-7f4bc8aa6f64</AD_Menu_UU>
            <AD_InfoWindow_ID reference="id"/>
        </AD_Menu>
        <AD_Menu type="table">
            <Parent_ID reference="uuid" reference-key="AD_Menu">a53ebe07-6fd5-40e8-8d18-f034776d759e</Parent_ID>
            <SeqNo>12</SeqNo>
            <AD_Client_ID>0</AD_Client_ID>
            <AD_Org_ID>0</AD_Org_ID>
            <Name>Storage Type</Name>
            <Description/>
            <Action>W</Action>
            <AD_Window_ID reference="uuid" reference-key="AD_Window">b2ea50e1-75e0-4caa-b196-eab8beab1a67</AD_Window_ID>
            <AD_Workflow_ID reference="id"/>
            <AD_Task_ID reference="id"/>
            <IsActive>Y</IsActive>
            <IsSummary>N</IsSummary>
            <AD_Process_ID reference="id"/>
            <IsSOTrx>N</IsSOTrx>
            <AD_Form_ID reference="id"/>
            <IsReadOnly>N</IsReadOnly>
            <EntityType>U</EntityType>
            <IsCentrallyMaintained>Y</IsCentrallyMaintained>
            <AD_Menu_UU>c8544a7a-16dc-4b86-b163-aea2f1feb102</AD_Menu_UU>
            <AD_InfoWindow_ID reference="id"/>
        </AD_Menu>
        <AD_Menu type="table">
            <Parent_ID reference="uuid" reference-key="AD_Menu">a53ebe07-6fd5-40e8-8d18-f034776d759e</Parent_ID>
            <SeqNo>14</SeqNo>
            <AD_Client_ID>0</AD_Client_ID>
            <AD_Org_ID>0</AD_Org_ID>
            <Name>Preferred Product</Name>
            <Description/>
            <Action>W</Action>
            <AD_Window_ID reference="uuid" reference-key="AD_Window">ee108189-4f7f-45c0-b903-5c0f773c9afa</AD_Window_ID>
            <AD_Workflow_ID reference="id"/>
            <AD_Task_ID reference="id"/>
            <IsActive>Y</IsActive>
            <IsSummary>N</IsSummary>
            <AD_Process_ID reference="id"/>
            <IsSOTrx>N</IsSOTrx>
            <AD_Form_ID reference="id"/>
            <IsReadOnly>N</IsReadOnly>
            <EntityType>U</EntityType>
            <IsCentrallyMaintained>Y</IsCentrallyMaintained>
            <AD_Menu_UU>e2c70c65-d99b-4c76-9477-ef1187e255b4</AD_Menu_UU>
            <AD_InfoWindow_ID reference="id"/>
        </AD_Menu>
        <AD_Menu type="table">
            <Parent_ID reference="uuid" reference-key="AD_Menu">a53ebe07-6fd5-40e8-8d18-f034776d759e</Parent_ID>
            <SeqNo>15</SeqNo>
            <AD_Client_ID>0</AD_Client_ID>
            <AD_Org_ID>0</AD_Org_ID>
            <Name>Empty Storage</Name>
            <Description/>
            <Action>W</Action>
            <AD_Window_ID reference="uuid" reference-key="AD_Window">872d69ff-95a2-4178-9500-cd8676f65ec8</AD_Window_ID>
            <AD_Workflow_ID reference="id"/>
            <AD_Task_ID reference="id"/>
            <IsActive>Y</IsActive>
            <IsSummary>N</IsSummary>
            <AD_Process_ID reference="id"/>
            <IsSOTrx>N</IsSOTrx>
            <AD_Form_ID reference="id"/>
            <IsReadOnly>N</IsReadOnly>
            <EntityType>U</EntityType>
            <IsCentrallyMaintained>Y</IsCentrallyMaintained>
            <AD_Menu_UU>0a22aa11-7767-4d69-b794-4e47a538df28</AD_Menu_UU>
            <AD_InfoWindow_ID reference="id"/>
        </AD_Menu>
        <AD_Menu type="table">
            <Parent_ID reference="uuid" reference-key="AD_Menu">a53ebe07-6fd5-40e8-8d18-f034776d759e</Parent_ID>
            <SeqNo>13</SeqNo>
            <AD_Client_ID>0</AD_Client_ID>
            <AD_Org_ID>0</AD_Org_ID>
            <Name>Product Type</Name>
            <Description/>
            <Action>W</Action>
            <AD_Window_ID reference="uuid" reference-key="AD_Window">a34f11e9-6952-4799-ab70-9b3375d10efc</AD_Window_ID>
            <AD_Workflow_ID reference="id"/>
            <AD_Task_ID reference="id"/>
            <IsActive>Y</IsActive>
            <IsSummary>N</IsSummary>
            <AD_Process_ID reference="id"/>
            <IsSOTrx>N</IsSOTrx>
            <AD_Form_ID reference="id"/>
            <IsReadOnly>N</IsReadOnly>
            <EntityType>U</EntityType>
            <IsCentrallyMaintained>Y</IsCentrallyMaintained>
            <AD_Menu_UU>75c38e8a-e3b3-4bf8-b56f-0bb0d2bb43b2</AD_Menu_UU>
            <AD_InfoWindow_ID reference="id"/>
        </AD_Menu>
        <AD_Menu type="table">
            <Parent_ID reference="uuid" reference-key="AD_Menu">a53ebe07-6fd5-40e8-8d18-f034776d759e</Parent_ID>
            <SeqNo>7</SeqNo>
            <AD_Client_ID>0</AD_Client_ID>
            <AD_Org_ID>0</AD_Org_ID>
            <Name>Set Preferred Product</Name>
            <Description/>
            <Action>P</Action>
            <AD_Window_ID reference="id"/>
            <AD_Workflow_ID reference="id"/>
            <AD_Task_ID reference="id"/>
            <IsActive>Y</IsActive>
            <IsSummary>N</IsSummary>
            <AD_Process_ID reference="uuid" reference-key="AD_Process">753c41b7-6b63-403e-b064-e8a75c381585</AD_Process_ID>
            <IsSOTrx>N</IsSOTrx>
            <AD_Form_ID reference="id"/>
            <IsReadOnly>N</IsReadOnly>
            <EntityType>U</EntityType>
            <IsCentrallyMaintained>Y</IsCentrallyMaintained>
            <AD_Menu_UU>5b3b50b8-9379-4b8c-baa8-58db52c87981</AD_Menu_UU>
            <AD_InfoWindow_ID reference="id"/>
        </AD_Menu>
        <AD_Menu type="table">
            <Parent_ID reference="uuid" reference-key="AD_Menu">a53ebe07-6fd5-40e8-8d18-f034776d759e</Parent_ID>
            <SeqNo>6</SeqNo>
            <AD_Client_ID>0</AD_Client_ID>
            <AD_Org_ID>0</AD_Org_ID>
            <Name>Set Product Pack Factor</Name>
            <Description/>
            <Action>P</Action>
            <AD_Window_ID reference="id"/>
            <AD_Workflow_ID reference="id"/>
            <AD_Task_ID reference="id"/>
            <IsActive>Y</IsActive>
            <IsSummary>N</IsSummary>
            <AD_Process_ID reference="uuid" reference-key="AD_Process">047329c0-4ee2-4c04-917e-8db9e63ad9a9</AD_Process_ID>
            <IsSOTrx>N</IsSOTrx>
            <AD_Form_ID reference="id"/>
            <IsReadOnly>N</IsReadOnly>
            <EntityType>U</EntityType>
            <IsCentrallyMaintained>Y</IsCentrallyMaintained>
            <AD_Menu_UU>9e3adf61-4bc3-4788-9a09-84805ffa7004</AD_Menu_UU>
            <AD_InfoWindow_ID reference="id"/>
        </AD_Menu>
        <AD_Menu type="table">
            <Parent_ID reference="uuid" reference-key="AD_Menu">a53ebe07-6fd5-40e8-8d18-f034776d759e</Parent_ID>
            <SeqNo>4</SeqNo>
            <AD_Client_ID>0</AD_Client_ID>
            <AD_Org_ID>0</AD_Org_ID>
            <Name>Report Putaway Picking List</Name>
            <Description/>
            <Action>P</Action>
            <AD_Window_ID reference="id"/>
            <AD_Workflow_ID reference="id"/>
            <AD_Task_ID reference="id"/>
            <IsActive>Y</IsActive>
            <IsSummary>N</IsSummary>
            <AD_Process_ID reference="uuid" reference-key="AD_Process">ad838f7c-464c-4839-bc5a-e45164e98848</AD_Process_ID>
            <IsSOTrx>N</IsSOTrx>
            <AD_Form_ID reference="id"/>
            <IsReadOnly>N</IsReadOnly>
            <EntityType>U</EntityType>
            <IsCentrallyMaintained>Y</IsCentrallyMaintained>
            <AD_Menu_UU>65c62c96-05e3-4b5c-991b-396aa2072816</AD_Menu_UU>
            <AD_InfoWindow_ID reference="id"/>
        </AD_Menu>
        <AD_Menu type="table">
            <Parent_ID reference="uuid" reference-key="AD_Menu">a53ebe07-6fd5-40e8-8d18-f034776d759e</Parent_ID>
            <SeqNo>8</SeqNo>
            <AD_Client_ID>0</AD_Client_ID>
            <AD_Org_ID>0</AD_Org_ID>
            <Name>Create Putaway Picking List</Name>
            <Description>Create PutAway and Picking List from Delivery Schedule to WM_InOut</Description>
            <Action>P</Action>
            <AD_Window_ID reference="id"/>
            <AD_Workflow_ID reference="id"/>
            <AD_Task_ID reference="id"/>
            <IsActive>Y</IsActive>
            <IsSummary>N</IsSummary>
            <AD_Process_ID reference="uuid" reference-key="AD_Process">97804e52-e736-4c70-ae0d-98db1df7e228</AD_Process_ID>
            <IsSOTrx>N</IsSOTrx>
            <AD_Form_ID reference="id"/>
            <IsReadOnly>N</IsReadOnly>
            <EntityType>U</EntityType>
            <IsCentrallyMaintained>Y</IsCentrallyMaintained>
            <AD_Menu_UU>d91a05a3-b69b-455a-afcf-07655e34f19f</AD_Menu_UU>
            <AD_InfoWindow_ID reference="id"/>
        </AD_Menu>
        <AD_Menu type="table">
            <Parent_ID reference="uuid" reference-key="AD_Menu">a53ebe07-6fd5-40e8-8d18-f034776d759e</Parent_ID>
            <SeqNo>3</SeqNo>
            <AD_Client_ID>0</AD_Client_ID>
            <AD_Org_ID>0</AD_Org_ID>
            <Name>Create Delivery Schedule</Name>
            <Description/>
            <Action>P</Action>
            <AD_Window_ID reference="id"/>
            <AD_Workflow_ID reference="id"/>
            <AD_Task_ID reference="id"/>
            <IsActive>Y</IsActive>
            <IsSummary>N</IsSummary>
            <AD_Process_ID reference="uuid" reference-key="AD_Process">6cb8d280-706a-4585-b99a-9090470c920b</AD_Process_ID>
            <IsSOTrx>N</IsSOTrx>
            <AD_Form_ID reference="id"/>
            <IsReadOnly>N</IsReadOnly>
            <EntityType>U</EntityType>
            <IsCentrallyMaintained>Y</IsCentrallyMaintained>
            <AD_Menu_UU>ad0adb5b-fb84-4dc2-9dd6-2f5ba09fecc1</AD_Menu_UU>
            <AD_InfoWindow_ID reference="id"/>
        </AD_Menu>
        <AD_Menu type="table">
            <Parent_ID reference="uuid" reference-key="AD_Menu">a53ebe07-6fd5-40e8-8d18-f034776d759e</Parent_ID>
            <SeqNo>2</SeqNo>
            <AD_Client_ID>0</AD_Client_ID>
            <AD_Org_ID>0</AD_Org_ID>
            <Name>Warehouse Pick</Name>
            <Description/>
            <Action>W</Action>
            <AD_Window_ID reference="uuid" reference-key="AD_Window">71a40131-bd1f-4669-a3e0-80cad614e3b8</AD_Window_ID>
            <AD_Workflow_ID reference="id"/>
            <AD_Task_ID reference="id"/>
            <IsActive>Y</IsActive>
            <IsSummary>N</IsSummary>
            <AD_Process_ID reference="id"/>
            <IsSOTrx>N</IsSOTrx>
            <AD_Form_ID reference="id"/>
            <IsReadOnly>N</IsReadOnly>
            <EntityType>U</EntityType>
            <IsCentrallyMaintained>Y</IsCentrallyMaintained>
            <AD_Menu_UU>43b8c102-c3a4-46cc-93fc-66a5ba1bd848</AD_Menu_UU>
            <AD_InfoWindow_ID reference="id"/>
        </AD_Menu>
        <AD_Menu type="table">
            <Parent_ID reference="uuid" reference-key="AD_Menu">a53ebe07-6fd5-40e8-8d18-f034776d759e</Parent_ID>
            <SeqNo>16</SeqNo>
            <AD_Client_ID>0</AD_Client_ID>
            <AD_Org_ID>0</AD_Org_ID>
            <Name>Block Unblock Locator</Name>
            <Description>Avoid locators of been used for Putaway / Picking unless Reserved during Sales. Still open for internal movement</Description>
            <Action>P</Action>
            <AD_Window_ID reference="id"/>
            <AD_Workflow_ID reference="id"/>
            <AD_Task_ID reference="id"/>
            <IsActive>Y</IsActive>
            <IsSummary>N</IsSummary>
            <AD_Process_ID reference="uuid" reference-key="AD_Process">ee2e941a-7ea7-44f4-97c6-bf40e87cadd7</AD_Process_ID>
            <IsSOTrx>N</IsSOTrx>
            <AD_Form_ID reference="id"/>
            <IsReadOnly>N</IsReadOnly>
            <EntityType>U</EntityType>
            <IsCentrallyMaintained>Y</IsCentrallyMaintained>
            <AD_Menu_UU>e4990164-c7e4-4cde-bfca-86db3b1a6482</AD_Menu_UU>
            <AD_InfoWindow_ID reference="id"/>
        </AD_Menu>
        <AD_Menu type="table">
            <Parent_ID reference="uuid" reference-key="AD_Menu">a53ebe07-6fd5-40e8-8d18-f034776d759e</Parent_ID>
            <SeqNo>17</SeqNo>
            <AD_Client_ID>0</AD_Client_ID>
            <AD_Org_ID>0</AD_Org_ID>
            <Name>Assign Handling Unit</Name>
            <Description/>
            <Action>P</Action>
            <AD_Window_ID reference="id"/>
            <AD_Workflow_ID reference="id"/>
            <AD_Task_ID reference="id"/>
            <IsActive>Y</IsActive>
            <IsSummary>N</IsSummary>
            <AD_Process_ID reference="uuid" reference-key="AD_Process">0945aadb-d7ae-4500-b614-f48776e9dc3f</AD_Process_ID>
            <IsSOTrx>N</IsSOTrx>
            <AD_Form_ID reference="id"/>
            <IsReadOnly>N</IsReadOnly>
            <EntityType>U</EntityType>
            <IsCentrallyMaintained>Y</IsCentrallyMaintained>
            <AD_Menu_UU>a4a7051d-f978-4196-bc66-196bb0134d04</AD_Menu_UU>
            <AD_InfoWindow_ID reference="id"/>
        </AD_Menu>
        <AD_Menu type="table">
            <Parent_ID reference="uuid" reference-key="AD_Menu">a53ebe07-6fd5-40e8-8d18-f034776d759e</Parent_ID>
            <SeqNo>18</SeqNo>
            <AD_Client_ID>0</AD_Client_ID>
            <AD_Org_ID>0</AD_Org_ID>
            <Name>Expired Stock</Name>
            <Description/>
            <Action>P</Action>
            <AD_Window_ID reference="id"/>
            <AD_Workflow_ID reference="id"/>
            <AD_Task_ID reference="id"/>
            <IsActive>Y</IsActive>
            <IsSummary>N</IsSummary>
            <AD_Process_ID reference="uuid" reference-key="AD_Process">33de53fe-a953-4560-8e38-471b50d9d0a5</AD_Process_ID>
            <IsSOTrx>N</IsSOTrx>
            <AD_Form_ID reference="id"/>
            <IsReadOnly>N</IsReadOnly>
            <EntityType>U</EntityType>
            <IsCentrallyMaintained>Y</IsCentrallyMaintained>
            <AD_Menu_UU>9d90c716-dd4c-41a3-a8b5-8d387f6a6a45</AD_Menu_UU>
            <AD_InfoWindow_ID reference="id"/>
        </AD_Menu>
        <AD_Menu type="table">
            <Parent_ID reference="uuid" reference-key="AD_Menu">a53ebe07-6fd5-40e8-8d18-f034776d759e</Parent_ID>
            <SeqNo>20</SeqNo>
            <AD_Client_ID>0</AD_Client_ID>
            <AD_Org_ID>0</AD_Org_ID>
            <Name>Change Locator</Name>
            <Description>Putaway to another locator instead.</Description>
            <Action>P</Action>
            <AD_Window_ID reference="id"/>
            <AD_Workflow_ID reference="id"/>
            <AD_Task_ID reference="id"/>
            <IsActive>Y</IsActive>
            <IsSummary>N</IsSummary>
            <AD_Process_ID reference="uuid" reference-key="AD_Process">e8fcbf3a-ae83-49f5-858f-fa3d8161379e</AD_Process_ID>
            <IsSOTrx>N</IsSOTrx>
            <AD_Form_ID reference="id"/>
            <IsReadOnly>N</IsReadOnly>
            <EntityType>U</EntityType>
            <IsCentrallyMaintained>Y</IsCentrallyMaintained>
            <AD_Menu_UU>4910b2af-e8ed-4321-9e60-d97391c26020</AD_Menu_UU>
            <AD_InfoWindow_ID reference="id"/>
        </AD_Menu>
        <AD_Menu type="table">
            <Parent_ID reference="uuid" reference-key="AD_Menu">a53ebe07-6fd5-40e8-8d18-f034776d759e</Parent_ID>
            <SeqNo>1</SeqNo>
            <AD_Client_ID>0</AD_Client_ID>
            <AD_Org_ID>0</AD_Org_ID>
            <Name>ESLine</Name>
            <Description/>
            <Action>W</Action>
            <AD_Window_ID reference="uuid" reference-key="AD_Window">aeb3b0ce-2bb1-46d2-a960-0c6f6e916909</AD_Window_ID>
            <AD_Workflow_ID reference="id"/>
            <AD_Task_ID reference="id"/>
            <IsActive>Y</IsActive>
            <IsSummary>N</IsSummary>
            <AD_Process_ID reference="id"/>
            <IsSOTrx>N</IsSOTrx>
            <AD_Form_ID reference="id"/>
            <IsReadOnly>N</IsReadOnly>
            <EntityType>U</EntityType>
            <IsCentrallyMaintained>Y</IsCentrallyMaintained>
            <AD_Menu_UU>e329040f-480a-45b1-938d-c561f1413519</AD_Menu_UU>
            <AD_InfoWindow_ID reference="id"/>
        </AD_Menu>
        <AD_Menu type="table">
            <Parent_ID reference="uuid" reference-key="AD_Menu">a53ebe07-6fd5-40e8-8d18-f034776d759e</Parent_ID>
            <SeqNo>0</SeqNo>
            <AD_Client_ID>0</AD_Client_ID>
            <AD_Org_ID>0</AD_Org_ID>
            <Name>Generate Handling Unit</Name>
            <Description/>
            <Action>P</Action>
            <AD_Window_ID reference="id"/>
            <AD_Workflow_ID reference="id"/>
            <AD_Task_ID reference="id"/>
            <IsActive>Y</IsActive>
            <IsSummary>N</IsSummary>
            <AD_Process_ID reference="uuid" reference-key="AD_Process">8a12e2af-9b2f-4b81-be2e-fbdb03449aa0</AD_Process_ID>
            <IsSOTrx>N</IsSOTrx>
            <AD_Form_ID reference="id"/>
            <IsReadOnly>N</IsReadOnly>
            <EntityType>U</EntityType>
            <IsCentrallyMaintained>Y</IsCentrallyMaintained>
            <AD_Menu_UU>b091fbbe-688d-488e-a7c7-517ae63486e4</AD_Menu_UU>
            <AD_InfoWindow_ID reference="id"/>
        </AD_Menu>
    </AD_Menu>
    <AD_ToolBarButton type="table">
        <AD_Client_ID>0</AD_Client_ID>
        <AD_Org_ID>0</AD_Org_ID>
        <ComponentName>GenerateHandlingUnit</ComponentName>
        <IsActive>Y</IsActive>
        <Name>GenerateHandlingUnit</Name>
        <IsCustomization>N</IsCustomization>
        <ActionClassName/>
        <ActionName/>
        <KeyStroke_KeyCode/>
        <KeyStroke_Modifiers/>
        <AD_ToolBarButton_UU>c2ac7758-b6cb-4737-91be-fe536a01b6b3</AD_ToolBarButton_UU>
        <Action>W</Action>
        <AD_Tab_ID reference="uuid" reference-key="AD_Tab">8a6ea70a-8cb9-4433-91cf-3e8a9b68a8cf</AD_Tab_ID>
        <AD_Process_ID reference="uuid" reference-key="AD_Process">8a12e2af-9b2f-4b81-be2e-fbdb03449aa0</AD_Process_ID>
        <DisplayLogic/>
        <SeqNo>0</SeqNo>
        <IsAdvancedButton>N</IsAdvancedButton>
        <IsAddSeparator>N</IsAddSeparator>
    </AD_ToolBarButton>
</idempiere>
